experiment_id,experiment_type,train_site,test_site,csmf_accuracy,cod_accuracy,csmf_accuracy_ci,cod_accuracy_ci,n_train,n_test,execution_time_seconds,tuning_time_seconds,training_time_seconds,inference_time_seconds,worker_id,retry_count,error,additional_metrics,model,training_fraction,csmf_accuracy_ci_lower,csmf_accuracy_ci_upper,cod_accuracy_ci_lower,cod_accuracy_ci_upper
ensemble_soft_none_size3_xgb_rf_cnb_in_domain_UP_UP_size0.7,in_domain,UP,UP,0.775,0.4377224199288256,"[0.6926674504321302, 0.7866964285714285]","[0.38656583629893243, 0.474288256227758]",1124,281,0.4391448497772217,,0.2976410388946533,0.13087010383605957,76aa1b134219d6d9be818e1bfdd6fa25bdfde6344335dae0d45b7ac7,0,,,ensemble,1.0,0.6926674504321302,0.7866964285714285,0.38656583629893243,0.474288256227758
ensemble_soft_none_size3_xgb_rf_cnb_in_domain_Mexico_Mexico_size0.7,in_domain,Mexico,Mexico,0.43790849673202614,0.19934640522875818,"[0.3852941176470589, 0.4616830065359478]","[0.15359477124183007, 0.2394607843137255]",1222,306,0.4410271644592285,,0.3062252998352051,0.12621068954467773,66e685755865b186e5f833cb77c210e007aa494c11c77e1b79401b32,0,,,ensemble,1.0,0.3852941176470589,0.4616830065359478,0.15359477124183007,0.2394607843137255
ensemble_soft_none_size3_xgb_rf_cnb_out_domain_Mexico_AP_size0.7,out_domain,Mexico,AP,0.44107744107744107,0.13468013468013468,"[0.37247474747474746, 0.4855218855218854]","[0.1015993265993266, 0.1803030303030303]",1222,297,0.47606778144836426,,0.34587597846984863,0.10675573348999023,3addc3f1f9330268a75a0a5cbd1ad4a7b009dbd2cd338674e4217d4c,0,,,ensemble,1.0,0.37247474747474746,0.4855218855218854,0.1015993265993266,0.1803030303030303
ensemble_soft_none_size3_xgb_rf_cnb_out_domain_AP_Mexico_size0.7,out_domain,AP,Mexico,0.34967320261437906,0.0915032679738562,"[0.3006535947712418, 0.37941176470588245]","[0.0644607843137255, 0.10874183006535948]",1186,306,0.4807779788970947,,0.3448929786682129,0.11122918128967285,762dbff61b4addb00572b46c68efb51e1269786b4c7af2e5d27991ab,0,,,ensemble,1.0,0.3006535947712418,0.37941176470588245,0.0644607843137255,0.10874183006535948
ensemble_soft_none_size3_xgb_rf_cnb_out_domain_Mexico_UP_size0.7,out_domain,Mexico,UP,0.4092526690391458,0.18149466192170818,"[0.35, 0.4539145907473309]","[0.13425266903914593, 0.2206405693950178]",1222,281,0.48636794090270996,,0.32576489448547363,0.13745713233947754,32b7848ae16d54c374005792eea3cb40fc704701b8b086352f1ca6a8,0,,,ensemble,1.0,0.35,0.4539145907473309,0.13425266903914593,0.2206405693950178
ensemble_soft_none_size3_xgb_rf_cnb_in_domain_AP_AP_size0.7,in_domain,AP,AP,0.5912162162162162,0.30976430976430974,"[0.5078109359359358, 0.617652027027027]","[0.2564814814814815, 0.35353535353535354]",1186,297,0.4983401298522949,,0.3502058982849121,0.12372517585754395,83ebb6500a40686bae94ef122fce447ac220e1e75e7093c1f1307f40,0,,,ensemble,1.0,0.5078109359359358,0.617652027027027,0.2564814814814815,0.35353535353535354
ensemble_soft_none_size3_xgb_rf_cnb_out_domain_UP_AP_size0.7,out_domain,UP,AP,0.7162162162162162,0.31313131313131315,"[0.6351351351351351, 0.7380587974337974]","[0.25892255892255894, 0.3722222222222222]",1124,297,0.41825199127197266,,0.30173587799072266,0.10944795608520508,baea9e64ded48ab102b01add0d114ffcd86a1174792626cf002830a0,0,,,ensemble,1.0,0.6351351351351351,0.7380587974337974,0.25892255892255894,0.3722222222222222
ensemble_soft_none_size3_xgb_rf_cnb_out_domain_UP_Mexico_size0.7,out_domain,UP,Mexico,0.5882352941176471,0.20588235294117646,"[0.5032679738562091, 0.6194444444444445]","[0.15089869281045754, 0.23300653594771237]",1124,306,0.4242222309112549,,0.3011360168457031,0.11543393135070801,6eb17cd0fd76b8a44bdce33cb78cfeb395ea3cd9afb5fe9157243f2a,0,,,ensemble,1.0,0.5032679738562091,0.6194444444444445,0.15089869281045754,0.23300653594771237
ensemble_soft_none_size3_xgb_rf_cnb_out_domain_AP_UP_size0.7,out_domain,AP,UP,0.5729537366548043,0.26334519572953735,"[0.47998220640569395, 0.5946619217081851]","[0.2054270462633452, 0.29572953736654806]",1186,281,0.4540228843688965,,0.31940197944641113,0.10480785369873047,0f366e1fa2b34c4b0847b41f024133a8be32e9983633a7df36093d50,0,,,ensemble,1.0,0.47998220640569395,0.5946619217081851,0.2054270462633452,0.29572953736654806
ensemble_soft_none_size5_xgb_rf_ins_cnb_lr_in_domain_UP_UP_size0.7,in_domain,UP,UP,0.8464285714285714,0.4875444839857651,"[0.775, 0.8509821428571428]","[0.42731316725978646, 0.5302491103202847]",1124,281,317.14618015289307,,198.4837350845337,118.56934881210327,83ebb6500a40686bae94ef122fce447ac220e1e75e7093c1f1307f40,0,,,ensemble,1.0,0.775,0.8509821428571428,0.42731316725978646,0.5302491103202847
ensemble_soft_none_size3_xgb_cnb_ins_out_domain_UP_AP_size0.7,out_domain,UP,AP,0.7567567567567568,0.3569023569023569,"[0.6722972972972974, 0.7715371621621622]","[0.30454545454545456, 0.40589225589225586]",1124,297,321.5749719142914,,198.53090620040894,123.00559997558594,3addc3f1f9330268a75a0a5cbd1ad4a7b009dbd2cd338674e4217d4c,0,,,ensemble,1.0,0.6722972972972974,0.7715371621621622,0.30454545454545456,0.40589225589225586
ensemble_soft_none_size3_xgb_cnb_ins_in_domain_UP_UP_size0.7,in_domain,UP,UP,0.85,0.45907473309608543,"[0.7736162302999491, 0.858125]","[0.4088967971530249, 0.5050711743772242]",1124,281,325.22324800491333,,202.62126469612122,122.56920504570007,323e65a01e34e904be909c3217dbca6b4050b2cfbbb2c8a3b30c2814,0,,,ensemble,1.0,0.7736162302999491,0.858125,0.4088967971530249,0.5050711743772242
ensemble_soft_none_size3_xgb_cnb_ins_out_domain_UP_Mexico_size0.7,out_domain,UP,Mexico,0.4738562091503269,0.17973856209150327,"[0.41527777777777786, 0.5271241830065359]","[0.14052287581699346, 0.21821895424836593]",1124,306,328.3210492134094,,196.85560393333435,131.42627692222595,66e685755865b186e5f833cb77c210e007aa494c11c77e1b79401b32,0,,,ensemble,1.0,0.41527777777777786,0.5271241830065359,0.14052287581699346,0.21821895424836593
ensemble_soft_none_size3_xgb_cnb_ins_out_domain_Mexico_UP_size0.7,out_domain,Mexico,UP,0.47686832740213525,0.19572953736654805,"[0.40889679715302496, 0.48140569395017796]","[0.16272241992882563, 0.23327402135231318]",1222,281,352.46873593330383,,226.90041303634644,125.54124784469604,c058720880e7d583fe40c5d5d7e0975849c477d42f53df9cddd65472,0,,,ensemble,1.0,0.40889679715302496,0.48140569395017796,0.16272241992882563,0.23327402135231318
ensemble_soft_none_size3_xgb_cnb_ins_out_domain_Mexico_AP_size0.7,out_domain,Mexico,AP,0.4545454545454546,0.17845117845117844,"[0.3960437710437711, 0.4995791245791245]","[0.14444444444444446, 0.20968013468013466]",1222,297,354.2825050354004,,226.8993730545044,127.37566208839417,aae5a655f434440afcdf890bf55663c26616412301e7e426fa4c8c96,0,,,ensemble,1.0,0.3960437710437711,0.4995791245791245,0.14444444444444446,0.20968013468013466
ensemble_soft_none_size5_xgb_rf_ins_cnb_lr_out_domain_AP_UP_size0.7,out_domain,AP,UP,0.7366548042704626,0.35231316725978645,"[0.6385987544483986, 0.7554270462633452]","[0.29083629893238433, 0.4040925266903914]",1186,281,355.2639911174774,,227.91233205795288,127.24185085296631,0f366e1fa2b34c4b0847b41f024133a8be32e9983633a7df36093d50,0,,,ensemble,1.0,0.6385987544483986,0.7554270462633452,0.29083629893238433,0.4040925266903914
ensemble_soft_none_size5_xgb_rf_ins_cnb_lr_out_domain_Mexico_UP_size0.7,out_domain,Mexico,UP,0.5160142348754448,0.24199288256227758,"[0.4405693950177935, 0.5312277580071174]","[0.19475088967971532, 0.28505338078291814]",1222,281,360.34631609916687,,237.96848320960999,122.18226194381714,baea9e64ded48ab102b01add0d114ffcd86a1174792626cf002830a0,0,,,ensemble,1.0,0.4405693950177935,0.5312277580071174,0.19475088967971532,0.28505338078291814
ensemble_soft_none_size3_xgb_cnb_ins_in_domain_Mexico_Mexico_size0.7,in_domain,Mexico,Mexico,0.6764705882352942,0.2777777777777778,"[0.6013071895424836, 0.6913398692810457]","[0.21740196078431376, 0.31642156862745097]",1222,306,368.34024381637573,,227.22136521339417,141.08684587478638,d5336dbd391a6b4d1ed056e620b19c67b69b70f6a421998750dcb343,0,,,ensemble,1.0,0.6013071895424836,0.6913398692810457,0.21740196078431376,0.31642156862745097
ensemble_soft_none_size3_xgb_cnb_ins_out_domain_AP_UP_size0.7,out_domain,AP,UP,0.7188612099644128,0.3416370106761566,"[0.6252669039145908, 0.7437722419928826]","[0.28336298932384346, 0.3959964412811388]",1186,281,370.6117250919342,,240.4164798259735,130.15341067314148,76aa1b134219d6d9be818e1bfdd6fa25bdfde6344335dae0d45b7ac7,0,,,ensemble,1.0,0.6252669039145908,0.7437722419928826,0.28336298932384346,0.3959964412811388
ensemble_soft_none_size5_xgb_rf_ins_cnb_lr_in_domain_Mexico_Mexico_size0.7,in_domain,Mexico,Mexico,0.7647058823529411,0.37254901960784315,"[0.6960784313725491, 0.7748724954462659]","[0.3163398692810458, 0.4174836601307189]",1222,306,376.53742694854736,,244.71861600875854,131.80882906913757,762dbff61b4addb00572b46c68efb51e1269786b4c7af2e5d27991ab,0,,,ensemble,1.0,0.6960784313725491,0.7748724954462659,0.3163398692810458,0.4174836601307189
ensemble_soft_none_size3_xgb_cnb_ins_out_domain_AP_Mexico_size0.7,out_domain,AP,Mexico,0.5980392156862746,0.19934640522875818,"[0.5350490196078432, 0.6301470588235294]","[0.1690359477124183, 0.23799019607843136]",1186,306,383.10557794570923,,242.34908199310303,140.73062992095947,55e74d03b01ccb2441368798803c1de2caa8b22d7209910bf29485ad,0,,,ensemble,1.0,0.5350490196078432,0.6301470588235294,0.1690359477124183,0.23799019607843136
ensemble_soft_none_size5_xgb_rf_ins_cnb_lr_in_domain_AP_AP_size0.7,in_domain,AP,AP,0.7770270270270271,0.4107744107744108,"[0.7146271271271272, 0.7852406383656384]","[0.37617845117845117, 0.46835016835016835]",1186,297,384.9290430545807,,247.7603361606598,137.15805006027222,32b7848ae16d54c374005792eea3cb40fc704701b8b086352f1ca6a8,0,,,ensemble,1.0,0.7146271271271272,0.7852406383656384,0.37617845117845117,0.46835016835016835
ensemble_soft_none_size3_xgb_cnb_ins_in_domain_AP_AP_size0.7,in_domain,AP,AP,0.7567567567567568,0.4074074074074074,"[0.6780405405405406, 0.7738582332332332]","[0.36439393939393944, 0.4552188552188552]",1186,297,385.9299068450928,,249.8480589389801,136.0752294063568,fbf2c47537e35414ab9e42e3a47c0297d15bc63ef168b87d7f3f009e,0,,,ensemble,1.0,0.6780405405405406,0.7738582332332332,0.36439393939393944,0.4552188552188552
ensemble_soft_none_size5_xgb_rf_ins_cnb_lr_out_domain_AP_Mexico_size0.7,out_domain,AP,Mexico,0.6372549019607843,0.2222222222222222,"[0.5561274509803922, 0.6586601307189542]","[0.19281045751633988, 0.2525326797385621]",1186,306,390.7107527256012,,249.64692401885986,140.87294483184814,6eb17cd0fd76b8a44bdce33cb78cfeb395ea3cd9afb5fe9157243f2a,0,,,ensemble,1.0,0.5561274509803922,0.6586601307189542,0.19281045751633988,0.2525326797385621
ensemble_soft_none_size5_xgb_rf_ins_cnb_lr_out_domain_Mexico_AP_size0.7,out_domain,Mexico,AP,0.49831649831649827,0.25925925925925924,"[0.41439393939393937, 0.5430134680134681]","[0.21456228956228957, 0.3058080808080808]",1222,297,385.33214712142944,,249.25541877746582,135.87290406227112,6659385c99a15e5c30f96bf6851583f3d6ce6c528ee246eb13676dce,0,,,ensemble,1.0,0.41439393939393937,0.5430134680134681,0.21456228956228957,0.3058080808080808
ensemble_soft_none_size5_xgb_rf_ins_cnb_lr_out_domain_UP_AP_size0.7,out_domain,UP,AP,0.7297297297297297,0.38047138047138046,"[0.6586876649376651, 0.7475506756756758]","[0.33821548821548825, 0.4444444444444444]",1124,297,341.63437008857727,,217.51681518554688,124.10987496376038,3addc3f1f9330268a75a0a5cbd1ad4a7b009dbd2cd338674e4217d4c,0,,,ensemble,1.0,0.6586876649376651,0.7475506756756758,0.33821548821548825,0.4444444444444444
ensemble_soft_none_size5_xgb_rf_ins_cnb_lr_out_domain_UP_Mexico_size0.7,out_domain,UP,Mexico,0.5130718954248366,0.21568627450980393,"[0.4544934640522875, 0.5541913914688683]","[0.1821078431372549, 0.2487745098039215]",1124,306,351.1076910495758,,218.99158096313477,131.77661895751953,83ebb6500a40686bae94ef122fce447ac220e1e75e7093c1f1307f40,0,,,ensemble,1.0,0.4544934640522875,0.5541913914688683,0.1821078431372549,0.2487745098039215
ensemble_soft_none_size5_xgb_rf_cnb_lr_ins_in_domain_UP_UP_size0.7,in_domain,UP,UP,0.8464285714285714,0.4875444839857651,"[0.775, 0.8509821428571428]","[0.42731316725978646, 0.5302491103202847]",1124,281,329.88917994499207,,210.644385099411,119.21998500823975,c058720880e7d583fe40c5d5d7e0975849c477d42f53df9cddd65472,0,,,ensemble,1.0,0.775,0.8509821428571428,0.42731316725978646,0.5302491103202847
ensemble_soft_none_size5_xgb_rf_cnb_lr_ins_in_domain_Mexico_Mexico_size0.7,in_domain,Mexico,Mexico,0.7647058823529411,0.37254901960784315,"[0.6960784313725491, 0.7748724954462659]","[0.3163398692810458, 0.4174836601307189]",1222,306,377.92207622528076,,238.11659598350525,139.70641207695007,323e65a01e34e904be909c3217dbca6b4050b2cfbbb2c8a3b30c2814,0,,,ensemble,1.0,0.6960784313725491,0.7748724954462659,0.3163398692810458,0.4174836601307189
ensemble_soft_none_size5_xgb_rf_cnb_lr_ins_out_domain_UP_Mexico_size0.7,out_domain,UP,Mexico,0.5130718954248366,0.21568627450980393,"[0.4544934640522875, 0.5541913914688683]","[0.1821078431372549, 0.2487745098039215]",1124,306,336.2532789707184,,207.2760260105133,128.93891191482544,76aa1b134219d6d9be818e1bfdd6fa25bdfde6344335dae0d45b7ac7,0,,,ensemble,1.0,0.4544934640522875,0.5541913914688683,0.1821078431372549,0.2487745098039215
ensemble_soft_performance_size3_xgb_rf_cnb_in_domain_Mexico_Mexico_size0.7,in_domain,Mexico,Mexico,0.4934640522875817,0.23529411764705882,"[0.4477124183006536, 0.514297385620915]","[0.2022875816993464, 0.27156862745098037]",1222,306,0.6551339626312256,,0.5388622283935547,0.10789203643798828,76aa1b134219d6d9be818e1bfdd6fa25bdfde6344335dae0d45b7ac7,0,,,ensemble,1.0,0.4477124183006536,0.514297385620915,0.2022875816993464,0.27156862745098037
ensemble_soft_performance_size3_xgb_rf_cnb_in_domain_AP_AP_size0.7,in_domain,AP,AP,0.6114864864864864,0.3164983164983165,"[0.5195832195832196, 0.6373248248248248]","[0.25892255892255894, 0.35968013468013466]",1186,297,0.7224869728088379,,0.5273380279541016,0.10292196273803711,76aa1b134219d6d9be818e1bfdd6fa25bdfde6344335dae0d45b7ac7,0,,,ensemble,1.0,0.5195832195832196,0.6373248248248248,0.25892255892255894,0.35968013468013466
ensemble_soft_performance_size3_xgb_rf_cnb_in_domain_UP_UP_size0.7,in_domain,UP,UP,0.7821428571428571,0.4483985765124555,"[0.7065499491611591, 0.7951785714285715]","[0.3930604982206406, 0.498220640569395]",1124,281,0.8772249221801758,,0.5689361095428467,0.10186076164245605,76aa1b134219d6d9be818e1bfdd6fa25bdfde6344335dae0d45b7ac7,0,,,ensemble,1.0,0.7065499491611591,0.7951785714285715,0.3930604982206406,0.498220640569395
ensemble_soft_none_size5_xgb_rf_cnb_lr_ins_out_domain_UP_AP_size0.7,out_domain,UP,AP,0.7297297297297297,0.38047138047138046,"[0.6586876649376651, 0.7475506756756758]","[0.33821548821548825, 0.4444444444444444]",1124,297,333.35912013053894,,206.76366686820984,126.5427680015564,762dbff61b4addb00572b46c68efb51e1269786b4c7af2e5d27991ab,0,,,ensemble,1.0,0.6586876649376651,0.7475506756756758,0.33821548821548825,0.4444444444444444
ensemble_soft_none_size5_xgb_cnb_ins_rf_lr_in_domain_UP_UP_size0.7,in_domain,UP,UP,0.8464285714285714,0.4875444839857651,"[0.775, 0.8509821428571428]","[0.42731316725978646, 0.5302491103202847]",1124,281,322.24113488197327,,199.1462812423706,123.02291584014893,fbf2c47537e35414ab9e42e3a47c0297d15bc63ef168b87d7f3f009e,0,,,ensemble,1.0,0.775,0.8509821428571428,0.42731316725978646,0.5302491103202847
ensemble_soft_performance_size3_xgb_rf_cnb_out_domain_Mexico_AP_size0.7,out_domain,Mexico,AP,0.4882154882154882,0.17845117845117844,"[0.4042929292929293, 0.5353535353535354]","[0.1414141414141414, 0.21734006734006733]",1222,297,0.8151390552520752,,0.5593197345733643,0.09988808631896973,76aa1b134219d6d9be818e1bfdd6fa25bdfde6344335dae0d45b7ac7,0,,,ensemble,1.0,0.4042929292929293,0.5353535353535354,0.1414141414141414,0.21734006734006733
ensemble_soft_performance_size3_xgb_rf_cnb_out_domain_Mexico_UP_size0.7,out_domain,Mexico,UP,0.4341637010676156,0.20640569395017794,"[0.3781138790035587, 0.47562277580071166]","[0.1552491103202847, 0.2556049822064057]",1222,281,0.6812198162078857,,0.5595381259918213,0.1017599105834961,762dbff61b4addb00572b46c68efb51e1269786b4c7af2e5d27991ab,0,,,ensemble,1.0,0.3781138790035587,0.47562277580071166,0.1552491103202847,0.2556049822064057
ensemble_soft_none_size5_xgb_rf_cnb_lr_ins_in_domain_AP_AP_size0.7,in_domain,AP,AP,0.7770270270270271,0.4107744107744108,"[0.7146271271271272, 0.7852406383656384]","[0.37617845117845117, 0.46835016835016835]",1186,297,385.09599900245667,,248.4755711555481,136.5036187171936,66e685755865b186e5f833cb77c210e007aa494c11c77e1b79401b32,0,,,ensemble,1.0,0.7146271271271272,0.7852406383656384,0.37617845117845117,0.46835016835016835
ensemble_soft_none_size5_xgb_rf_cnb_lr_ins_out_domain_Mexico_AP_size0.7,out_domain,Mexico,AP,0.49831649831649827,0.25925925925925924,"[0.41439393939393937, 0.5430134680134681]","[0.21456228956228957, 0.3058080808080808]",1222,297,362.9507210254669,,239.26966309547424,123.66678214073181,aae5a655f434440afcdf890bf55663c26616412301e7e426fa4c8c96,0,,,ensemble,1.0,0.41439393939393937,0.5430134680134681,0.21456228956228957,0.3058080808080808
ensemble_soft_none_size5_xgb_rf_cnb_lr_ins_out_domain_Mexico_UP_size0.7,out_domain,Mexico,UP,0.5160142348754448,0.24199288256227758,"[0.4405693950177935, 0.5312277580071174]","[0.19475088967971532, 0.28505338078291814]",1222,281,365.6388568878174,,246.79280519485474,118.75973415374756,0f366e1fa2b34c4b0847b41f024133a8be32e9983633a7df36093d50,0,,,ensemble,1.0,0.4405693950177935,0.5312277580071174,0.19475088967971532,0.28505338078291814
ensemble_soft_none_size5_xgb_rf_cnb_lr_ins_out_domain_AP_Mexico_size0.7,out_domain,AP,Mexico,0.6372549019607843,0.2222222222222222,"[0.5561274509803922, 0.6586601307189542]","[0.19281045751633988, 0.2525326797385621]",1186,306,364.3841588497162,,233.44563388824463,130.8734347820282,baea9e64ded48ab102b01add0d114ffcd86a1174792626cf002830a0,0,,,ensemble,1.0,0.5561274509803922,0.6586601307189542,0.19281045751633988,0.2525326797385621
ensemble_soft_none_size5_xgb_rf_cnb_lr_ins_out_domain_AP_UP_size0.7,out_domain,AP,UP,0.7366548042704626,0.35231316725978645,"[0.6385987544483986, 0.7554270462633452]","[0.29083629893238433, 0.4040925266903914]",1186,281,361.08363699913025,,241.8472080230713,119.22886085510254,d5336dbd391a6b4d1ed056e620b19c67b69b70f6a421998750dcb343,0,,,ensemble,1.0,0.6385987544483986,0.7554270462633452,0.29083629893238433,0.4040925266903914
ensemble_soft_none_size5_xgb_cnb_ins_rf_lr_in_domain_AP_AP_size0.7,in_domain,AP,AP,0.7770270270270271,0.4107744107744108,"[0.7146271271271272, 0.7852406383656384]","[0.37617845117845117, 0.46835016835016835]",1186,297,350.8098769187927,,235.92352509498596,114.84542202949524,32b7848ae16d54c374005792eea3cb40fc704701b8b086352f1ca6a8,0,,,ensemble,1.0,0.7146271271271272,0.7852406383656384,0.37617845117845117,0.46835016835016835
ensemble_soft_none_size5_xgb_cnb_ins_rf_lr_in_domain_Mexico_Mexico_size0.7,in_domain,Mexico,Mexico,0.7647058823529411,0.37254901960784315,"[0.6960784313725491, 0.7748724954462659]","[0.3163398692810458, 0.4174836601307189]",1222,306,354.003586769104,,242.36040806770325,111.63420224189758,55e74d03b01ccb2441368798803c1de2caa8b22d7209910bf29485ad,0,,,ensemble,1.0,0.6960784313725491,0.7748724954462659,0.3163398692810458,0.4174836601307189
ensemble_soft_none_size5_xgb_cnb_ins_rf_lr_out_domain_Mexico_AP_size0.7,out_domain,Mexico,AP,0.49831649831649827,0.25925925925925924,"[0.41439393939393937, 0.5430134680134681]","[0.21456228956228957, 0.3058080808080808]",1222,297,353.42430782318115,,248.03745198249817,105.28778100013733,6eb17cd0fd76b8a44bdce33cb78cfeb395ea3cd9afb5fe9157243f2a,0,,,ensemble,1.0,0.41439393939393937,0.5430134680134681,0.21456228956228957,0.3058080808080808
ensemble_soft_none_size5_xgb_cnb_ins_rf_lr_out_domain_Mexico_UP_size0.7,out_domain,Mexico,UP,0.5160142348754448,0.24199288256227758,"[0.4405693950177935, 0.5312277580071174]","[0.19475088967971532, 0.28505338078291814]",1222,281,336.20537972450256,,262.42015409469604,72.72203397750854,6659385c99a15e5c30f96bf6851583f3d6ce6c528ee246eb13676dce,0,,,ensemble,1.0,0.4405693950177935,0.5312277580071174,0.19475088967971532,0.28505338078291814
ensemble_soft_none_size5_xgb_cnb_ins_rf_lr_out_domain_UP_Mexico_size0.7,out_domain,UP,Mexico,0.5130718954248366,0.21568627450980393,"[0.4544934640522875, 0.5541913914688683]","[0.1821078431372549, 0.2487745098039215]",1124,306,160.7804708480835,,111.13548588752747,49.48955535888672,c058720880e7d583fe40c5d5d7e0975849c477d42f53df9cddd65472,0,,,ensemble,1.0,0.4544934640522875,0.5541913914688683,0.1821078431372549,0.2487745098039215
ensemble_soft_none_size5_xgb_cnb_ins_rf_lr_out_domain_AP_UP_size0.7,out_domain,AP,UP,0.7366548042704626,0.35231316725978645,"[0.6385987544483986, 0.7554270462633452]","[0.29083629893238433, 0.4040925266903914]",1186,281,183.2188699245453,,135.30346488952637,47.90209412574768,83ebb6500a40686bae94ef122fce447ac220e1e75e7093c1f1307f40,0,,,ensemble,1.0,0.6385987544483986,0.7554270462633452,0.29083629893238433,0.4040925266903914
ensemble_soft_none_size5_xgb_cnb_ins_rf_lr_out_domain_AP_Mexico_size0.7,out_domain,AP,Mexico,0.6372549019607843,0.2222222222222222,"[0.5561274509803922, 0.6586601307189542]","[0.19281045751633988, 0.2525326797385621]",1186,306,189.55697679519653,,136.1921317577362,53.35554814338684,3addc3f1f9330268a75a0a5cbd1ad4a7b009dbd2cd338674e4217d4c,0,,,ensemble,1.0,0.5561274509803922,0.6586601307189542,0.19281045751633988,0.2525326797385621
ensemble_soft_none_size5_xgb_cnb_ins_rf_lr_out_domain_UP_AP_size0.7,out_domain,UP,AP,0.7297297297297297,0.38047138047138046,"[0.6586876649376651, 0.7475506756756758]","[0.33821548821548825, 0.4444444444444444]",1124,297,164.4666039943695,,98.09977293014526,66.34617614746094,323e65a01e34e904be909c3217dbca6b4050b2cfbbb2c8a3b30c2814,0,,,ensemble,1.0,0.6586876649376651,0.7475506756756758,0.33821548821548825,0.4444444444444444
ensemble_soft_performance_size3_xgb_rf_cnb_out_domain_UP_AP_size0.7,out_domain,UP,AP,0.7162162162162162,0.31313131313131315,"[0.6308277027027027, 0.7376564064064063]","[0.25892255892255894, 0.3722222222222222]",1124,297,0.6937479972839355,,0.5437819957733154,0.11586713790893555,c058720880e7d583fe40c5d5d7e0975849c477d42f53df9cddd65472,0,,,ensemble,1.0,0.6308277027027027,0.7376564064064063,0.25892255892255894,0.3722222222222222
ensemble_soft_performance_size3_xgb_rf_cnb_out_domain_AP_UP_size0.7,out_domain,AP,UP,0.5765124555160143,0.2775800711743772,"[0.4880782918149467, 0.6033807829181494]","[0.22126334519572954, 0.3206405693950178]",1186,281,0.7553398609161377,,0.5671708583831787,0.11923408508300781,3addc3f1f9330268a75a0a5cbd1ad4a7b009dbd2cd338674e4217d4c,0,,,ensemble,1.0,0.4880782918149467,0.6033807829181494,0.22126334519572954,0.3206405693950178
ensemble_soft_performance_size3_xgb_rf_cnb_out_domain_UP_Mexico_size0.7,out_domain,UP,Mexico,0.5882352941176471,0.20588235294117646,"[0.5032679738562091, 0.6194444444444445]","[0.15089869281045754, 0.23300653594771237]",1124,306,0.7652299404144287,,0.5572550296783447,0.11414003372192383,83ebb6500a40686bae94ef122fce447ac220e1e75e7093c1f1307f40,0,,,ensemble,1.0,0.5032679738562091,0.6194444444444445,0.15089869281045754,0.23300653594771237
ensemble_soft_performance_size3_xgb_rf_cnb_out_domain_AP_Mexico_size0.7,out_domain,AP,Mexico,0.35620915032679734,0.0915032679738562,"[0.30629084967320264, 0.38978758169934635]","[0.0644607843137255, 0.10874183006535948]",1186,306,0.7973480224609375,,0.5771448612213135,0.11053729057312012,323e65a01e34e904be909c3217dbca6b4050b2cfbbb2c8a3b30c2814,0,,,ensemble,1.0,0.30629084967320264,0.38978758169934635,0.0644607843137255,0.10874183006535948
ensemble_soft_performance_size3_xgb_cnb_ins_in_domain_UP_UP_size0.7,in_domain,UP,UP,0.8607142857142858,0.4555160142348754,"[0.7821428571428571, 0.8555357142857143]","[0.4001779359430605, 0.5060498220640569]",1124,281,370.87072587013245,,255.19912219047546,115.57217788696289,55e74d03b01ccb2441368798803c1de2caa8b22d7209910bf29485ad,0,,,ensemble,1.0,0.7821428571428571,0.8555357142857143,0.4001779359430605,0.5060498220640569
ensemble_soft_performance_size5_xgb_rf_ins_cnb_lr_in_domain_UP_UP_size0.7,in_domain,UP,UP,0.85,0.498220640569395,"[0.7873214285714285, 0.8555357142857144]","[0.4322064056939502, 0.5480427046263345]",1124,281,387.1498601436615,,266.0324070453644,121.02522301673889,fbf2c47537e35414ab9e42e3a47c0297d15bc63ef168b87d7f3f009e,0,,,ensemble,1.0,0.7873214285714285,0.8555357142857144,0.4322064056939502,0.5480427046263345
ensemble_soft_performance_size3_xgb_cnb_ins_out_domain_UP_AP_size0.7,out_domain,UP,AP,0.7263513513513513,0.35353535353535354,"[0.6621621621621622, 0.7559121621621622]","[0.318013468013468, 0.4037878787878788]",1124,297,387.36498403549194,,254.76364398002625,132.50855326652527,66e685755865b186e5f833cb77c210e007aa494c11c77e1b79401b32,0,,,ensemble,1.0,0.6621621621621622,0.7559121621621622,0.318013468013468,0.4037878787878788
ensemble_soft_performance_size3_xgb_cnb_ins_out_domain_UP_Mexico_size0.7,out_domain,UP,Mexico,0.44771241830065367,0.17973856209150327,"[0.39869281045751637, 0.5089869281045752]","[0.14052287581699346, 0.22205882352941167]",1124,306,400.89856004714966,,265.47162413597107,135.33636474609375,aae5a655f434440afcdf890bf55663c26616412301e7e426fa4c8c96,0,,,ensemble,1.0,0.39869281045751637,0.5089869281045752,0.14052287581699346,0.22205882352941167
ensemble_soft_performance_size3_xgb_cnb_ins_out_domain_AP_UP_size0.7,out_domain,AP,UP,0.7153024911032029,0.3487544483985765,"[0.6269572953736655, 0.7259786476868328]","[0.2837188612099644, 0.3999110320284697]",1186,281,404.0085999965668,,277.99365401268005,125.92328596115112,0f366e1fa2b34c4b0847b41f024133a8be32e9983633a7df36093d50,0,,,ensemble,1.0,0.6269572953736655,0.7259786476868328,0.2837188612099644,0.3999110320284697
ensemble_soft_performance_size3_xgb_cnb_ins_out_domain_Mexico_UP_size0.7,out_domain,Mexico,UP,0.43060498220640564,0.18505338078291814,"[0.3736654804270462, 0.47980427046263346]","[0.1494661921708185, 0.21841637010676154]",1222,281,406.06349992752075,,289.4696419239044,116.49367904663086,d5336dbd391a6b4d1ed056e620b19c67b69b70f6a421998750dcb343,0,,,ensemble,1.0,0.3736654804270462,0.47980427046263346,0.1494661921708185,0.21841637010676154
ensemble_soft_performance_size5_xgb_rf_ins_cnb_lr_out_domain_Mexico_AP_size0.7,out_domain,Mexico,AP,0.49158249158249157,0.25925925925925924,"[0.4140572390572392, 0.5255892255892255]","[0.2218855218855219, 0.29385521885521887]",1222,297,405.69146490097046,,280.25595593452454,125.42110109329224,c058720880e7d583fe40c5d5d7e0975849c477d42f53df9cddd65472,0,,,ensemble,1.0,0.4140572390572392,0.5255892255892255,0.2218855218855219,0.29385521885521887
ensemble_soft_performance_size5_xgb_rf_ins_cnb_lr_in_domain_Mexico_Mexico_size0.7,in_domain,Mexico,Mexico,0.8098360655737704,0.3954248366013072,"[0.7450717882781528, 0.8113508341933264]","[0.3324346405228758, 0.442156862745098]",1222,306,411.34828901290894,,278.7461886405945,132.51061034202576,762dbff61b4addb00572b46c68efb51e1269786b4c7af2e5d27991ab,0,,,ensemble,1.0,0.7450717882781528,0.8113508341933264,0.3324346405228758,0.442156862745098
ensemble_soft_performance_size3_xgb_cnb_ins_in_domain_AP_AP_size0.7,in_domain,AP,AP,0.7905405405405406,0.41414141414141414,"[0.7247528778778779, 0.804878458003458]","[0.377946127946128, 0.468013468013468]",1186,297,414.841322183609,,278.9816629886627,135.75231003761292,6eb17cd0fd76b8a44bdce33cb78cfeb395ea3cd9afb5fe9157243f2a,0,,,ensemble,1.0,0.7247528778778779,0.804878458003458,0.377946127946128,0.468013468013468
ensemble_soft_performance_size5_xgb_rf_ins_cnb_lr_out_domain_AP_Mexico_size0.7,out_domain,AP,Mexico,0.6470588235294118,0.24509803921568626,"[0.575735294117647, 0.6776960784313726]","[0.19281045751633988, 0.28137254901960784]",1186,306,420.1110100746155,,280.9635212421417,139.1279399394989,83ebb6500a40686bae94ef122fce447ac220e1e75e7093c1f1307f40,0,,,ensemble,1.0,0.575735294117647,0.6776960784313726,0.19281045751633988,0.28137254901960784
ensemble_soft_performance_size5_xgb_rf_ins_cnb_lr_in_domain_AP_AP_size0.7,in_domain,AP,AP,0.8074324324324325,0.4377104377104377,"[0.7371297433797435, 0.8106896669396669]","[0.39057239057239057, 0.4833333333333333]",1186,297,426.41985416412354,,291.0439188480377,135.28489112854004,76aa1b134219d6d9be818e1bfdd6fa25bdfde6344335dae0d45b7ac7,0,,,ensemble,1.0,0.7371297433797435,0.8106896669396669,0.39057239057239057,0.4833333333333333
ensemble_soft_performance_size3_xgb_cnb_ins_out_domain_Mexico_AP_size0.7,out_domain,Mexico,AP,0.41414141414141414,0.21212121212121213,"[0.3515993265993266, 0.4579124579124579]","[0.17474747474747476, 0.2534511784511785]",1222,297,427.43487191200256,,300.03192806243896,127.30216383934021,32b7848ae16d54c374005792eea3cb40fc704701b8b086352f1ca6a8,0,,,ensemble,1.0,0.3515993265993266,0.4579124579124579,0.17474747474747476,0.2534511784511785
ensemble_soft_performance_size3_xgb_cnb_ins_out_domain_AP_Mexico_size0.7,out_domain,AP,Mexico,0.6470588235294118,0.23529411764705882,"[0.5808006535947712, 0.6693627450980393]","[0.19665032679738564, 0.2875816993464052]",1186,306,429.26489424705505,,289.83590483665466,139.32418012619019,baea9e64ded48ab102b01add0d114ffcd86a1174792626cf002830a0,0,,,ensemble,1.0,0.5808006535947712,0.6693627450980393,0.19665032679738564,0.2875816993464052
ensemble_soft_performance_size5_xgb_rf_ins_cnb_lr_out_domain_AP_UP_size0.7,out_domain,AP,UP,0.7153024911032029,0.35587188612099646,"[0.6198398576512456, 0.7376334519572953]","[0.2918149466192171, 0.40604982206405693]",1186,281,432.13426876068115,,300.3904118537903,131.7232551574707,323e65a01e34e904be909c3217dbca6b4050b2cfbbb2c8a3b30c2814,0,,,ensemble,1.0,0.6198398576512456,0.7376334519572953,0.2918149466192171,0.40604982206405693
ensemble_soft_performance_size3_xgb_cnb_ins_in_domain_Mexico_Mexico_size0.7,in_domain,Mexico,Mexico,0.7745098039215687,0.3464052287581699,"[0.706454248366013, 0.7855392156862745]","[0.29616013071895425, 0.3981209150326797]",1222,306,434.2699861526489,,300.30487298965454,133.76933312416077,6659385c99a15e5c30f96bf6851583f3d6ce6c528ee246eb13676dce,0,,,ensemble,1.0,0.706454248366013,0.7855392156862745,0.29616013071895425,0.3981209150326797
ensemble_soft_performance_size5_xgb_rf_ins_cnb_lr_out_domain_Mexico_UP_size0.7,out_domain,Mexico,UP,0.5053380782918149,0.24199288256227758,"[0.4425266903914591, 0.5322064056939502]","[0.19893238434163704, 0.28603202846975084]",1222,281,438.9150950908661,,313.71134877204895,125.16360712051392,3addc3f1f9330268a75a0a5cbd1ad4a7b009dbd2cd338674e4217d4c,0,,,ensemble,1.0,0.4425266903914591,0.5322064056939502,0.19893238434163704,0.28603202846975084
ensemble_soft_performance_size5_xgb_rf_ins_cnb_lr_out_domain_UP_AP_size0.7,out_domain,UP,AP,0.7263513513513513,0.3838383838383838,"[0.6596167189917191, 0.7494087837837837]","[0.3314814814814815, 0.44814814814814813]",1124,297,398.05178713798523,,262.7604570388794,135.16992902755737,fbf2c47537e35414ab9e42e3a47c0297d15bc63ef168b87d7f3f009e,0,,,ensemble,1.0,0.6596167189917191,0.7494087837837837,0.3314814814814815,0.44814814814814813
ensemble_soft_performance_size5_xgb_rf_ins_cnb_lr_out_domain_UP_Mexico_size0.7,out_domain,UP,Mexico,0.4934640522875816,0.20915032679738563,"[0.4375816993464052, 0.5312741873065017]","[0.18120915032679738, 0.24607843137254898]",1124,306,414.3956859111786,,276.75013303756714,137.5165238380432,55e74d03b01ccb2441368798803c1de2caa8b22d7209910bf29485ad,0,,,ensemble,1.0,0.4375816993464052,0.5312741873065017,0.18120915032679738,0.24607843137254898
ensemble_soft_performance_size5_xgb_rf_cnb_lr_ins_in_domain_UP_UP_size0.7,in_domain,UP,UP,0.85,0.498220640569395,"[0.7873214285714285, 0.8555357142857144]","[0.4322064056939502, 0.5480427046263345]",1124,281,395.64001202583313,,268.16700410842896,127.46155714988708,0f366e1fa2b34c4b0847b41f024133a8be32e9983633a7df36093d50,0,,,ensemble,1.0,0.7873214285714285,0.8555357142857144,0.4322064056939502,0.5480427046263345
ensemble_soft_performance_size5_xgb_cnb_ins_rf_lr_in_domain_UP_UP_size0.7,in_domain,UP,UP,0.85,0.498220640569395,"[0.7873214285714285, 0.8555357142857144]","[0.4322064056939502, 0.5480427046263345]",1124,281,367.21028685569763,,251.23759412765503,115.89066195487976,323e65a01e34e904be909c3217dbca6b4050b2cfbbb2c8a3b30c2814,0,,,ensemble,1.0,0.7873214285714285,0.8555357142857144,0.4322064056939502,0.5480427046263345
ensemble_soft_performance_size5_xgb_rf_cnb_lr_ins_out_domain_UP_AP_size0.7,out_domain,UP,AP,0.7263513513513513,0.3838383838383838,"[0.6596167189917191, 0.7494087837837837]","[0.3314814814814815, 0.44814814814814813]",1124,297,382.24152398109436,,257.0654468536377,125.16941690444946,76aa1b134219d6d9be818e1bfdd6fa25bdfde6344335dae0d45b7ac7,0,,,ensemble,1.0,0.6596167189917191,0.7494087837837837,0.3314814814814815,0.44814814814814813
ensemble_soft_performance_size5_xgb_rf_cnb_lr_ins_out_domain_UP_Mexico_size0.7,out_domain,UP,Mexico,0.4934640522875816,0.20915032679738563,"[0.4375816993464052, 0.5312741873065017]","[0.18120915032679738, 0.24607843137254898]",1124,306,393.62438225746155,,263.239449262619,130.3654179573059,83ebb6500a40686bae94ef122fce447ac220e1e75e7093c1f1307f40,0,,,ensemble,1.0,0.4375816993464052,0.5312741873065017,0.18120915032679738,0.24607843137254898
ensemble_soft_performance_size5_xgb_rf_cnb_lr_ins_out_domain_Mexico_UP_size0.7,out_domain,Mexico,UP,0.5053380782918149,0.24199288256227758,"[0.4425266903914591, 0.5322064056939502]","[0.19893238434163704, 0.28603202846975084]",1222,281,413.48779582977295,,294.24393701553345,119.15665793418884,c058720880e7d583fe40c5d5d7e0975849c477d42f53df9cddd65472,0,,,ensemble,1.0,0.4425266903914591,0.5322064056939502,0.19893238434163704,0.28603202846975084
ensemble_soft_performance_size5_xgb_rf_cnb_lr_ins_in_domain_Mexico_Mexico_size0.7,in_domain,Mexico,Mexico,0.8098360655737704,0.3954248366013072,"[0.7450717882781528, 0.8113508341933264]","[0.3324346405228758, 0.442156862745098]",1222,306,435.9246759414673,,299.9136571884155,135.42220377922058,66e685755865b186e5f833cb77c210e007aa494c11c77e1b79401b32,0,,,ensemble,1.0,0.7450717882781528,0.8113508341933264,0.3324346405228758,0.442156862745098
ensemble_soft_performance_size5_xgb_rf_cnb_lr_ins_out_domain_Mexico_AP_size0.7,out_domain,Mexico,AP,0.49158249158249157,0.25925925925925924,"[0.4140572390572392, 0.5255892255892255]","[0.2218855218855219, 0.29385521885521887]",1222,297,422.9920687675476,,295.42552876472473,127.55968832969666,d5336dbd391a6b4d1ed056e620b19c67b69b70f6a421998750dcb343,0,,,ensemble,1.0,0.4140572390572392,0.5255892255892255,0.2218855218855219,0.29385521885521887
ensemble_soft_performance_size5_xgb_rf_cnb_lr_ins_out_domain_AP_Mexico_size0.7,out_domain,AP,Mexico,0.6470588235294118,0.24509803921568626,"[0.575735294117647, 0.6776960784313726]","[0.19281045751633988, 0.28137254901960784]",1186,306,421.6690001487732,,281.12455201148987,140.43940591812134,762dbff61b4addb00572b46c68efb51e1269786b4c7af2e5d27991ab,0,,,ensemble,1.0,0.575735294117647,0.6776960784313726,0.19281045751633988,0.28137254901960784
ensemble_soft_performance_size5_xgb_rf_cnb_lr_ins_in_domain_AP_AP_size0.7,in_domain,AP,AP,0.8074324324324325,0.4377104377104377,"[0.7371297433797435, 0.8106896669396669]","[0.39057239057239057, 0.4833333333333333]",1186,297,433.4187059402466,,300.24942111968994,133.0211398601532,aae5a655f434440afcdf890bf55663c26616412301e7e426fa4c8c96,0,,,ensemble,1.0,0.7371297433797435,0.8106896669396669,0.39057239057239057,0.4833333333333333
ensemble_soft_performance_size5_xgb_rf_cnb_lr_ins_out_domain_AP_UP_size0.7,out_domain,AP,UP,0.7153024911032029,0.35587188612099646,"[0.6198398576512456, 0.7376334519572953]","[0.2918149466192171, 0.40604982206405693]",1186,281,423.095929145813,,306.3019678592682,116.78665089607239,6eb17cd0fd76b8a44bdce33cb78cfeb395ea3cd9afb5fe9157243f2a,0,,,ensemble,1.0,0.6198398576512456,0.7376334519572953,0.2918149466192171,0.40604982206405693
ensemble_soft_performance_size5_xgb_cnb_ins_rf_lr_in_domain_Mexico_Mexico_size0.7,in_domain,Mexico,Mexico,0.8098360655737704,0.3954248366013072,"[0.7450717882781528, 0.8113508341933264]","[0.3324346405228758, 0.442156862745098]",1222,306,412.7468478679657,,296.74003505706787,115.88312578201294,32b7848ae16d54c374005792eea3cb40fc704701b8b086352f1ca6a8,0,,,ensemble,1.0,0.7450717882781528,0.8113508341933264,0.3324346405228758,0.442156862745098
ensemble_soft_performance_size5_xgb_cnb_ins_rf_lr_in_domain_AP_AP_size0.7,in_domain,AP,AP,0.8074324324324325,0.4377104377104377,"[0.7371297433797435, 0.8106896669396669]","[0.39057239057239057, 0.4833333333333333]",1186,297,411.2908139228821,,293.6908531188965,117.58287596702576,baea9e64ded48ab102b01add0d114ffcd86a1174792626cf002830a0,0,,,ensemble,1.0,0.7371297433797435,0.8106896669396669,0.39057239057239057,0.4833333333333333
ensemble_soft_performance_size5_xgb_cnb_ins_rf_lr_out_domain_Mexico_AP_size0.7,out_domain,Mexico,AP,0.49158249158249157,0.25925925925925924,"[0.4140572390572392, 0.5255892255892255]","[0.2218855218855219, 0.29385521885521887]",1222,297,409.7882158756256,,304.63917803764343,105.14286708831787,6659385c99a15e5c30f96bf6851583f3d6ce6c528ee246eb13676dce,0,,,ensemble,1.0,0.4140572390572392,0.5255892255892255,0.2218855218855219,0.29385521885521887
ensemble_soft_performance_size5_xgb_cnb_ins_rf_lr_out_domain_Mexico_UP_size0.7,out_domain,Mexico,UP,0.5053380782918149,0.24199288256227758,"[0.4425266903914591, 0.5322064056939502]","[0.19893238434163704, 0.28603202846975084]",1222,281,408.54200983047485,,304.98584818840027,103.54859185218811,3addc3f1f9330268a75a0a5cbd1ad4a7b009dbd2cd338674e4217d4c,0,,,ensemble,1.0,0.4425266903914591,0.5322064056939502,0.19893238434163704,0.28603202846975084
ensemble_soft_performance_size5_xgb_cnb_ins_rf_lr_out_domain_UP_AP_size0.7,out_domain,UP,AP,0.7263513513513513,0.3838383838383838,"[0.6596167189917191, 0.7494087837837837]","[0.3314814814814815, 0.44814814814814813]",1124,297,170.5800530910492,,123.60692310333252,46.9475371837616,323e65a01e34e904be909c3217dbca6b4050b2cfbbb2c8a3b30c2814,0,,,ensemble,1.0,0.6596167189917191,0.7494087837837837,0.3314814814814815,0.44814814814814813
ensemble_soft_performance_size5_xgb_cnb_ins_rf_lr_out_domain_UP_Mexico_size0.7,out_domain,UP,Mexico,0.4934640522875816,0.20915032679738563,"[0.4375816993464052, 0.5312741873065017]","[0.18120915032679738, 0.24607843137254898]",1124,306,176.39749097824097,,125.11783409118652,51.06381273269653,0f366e1fa2b34c4b0847b41f024133a8be32e9983633a7df36093d50,0,,,ensemble,1.0,0.4375816993464052,0.5312741873065017,0.18120915032679738,0.24607843137254898
ensemble_soft_performance_size5_xgb_cnb_ins_rf_lr_out_domain_AP_Mexico_size0.7,out_domain,AP,Mexico,0.6470588235294118,0.24509803921568626,"[0.575735294117647, 0.6776960784313726]","[0.19281045751633988, 0.28137254901960784]",1186,306,199.8430540561676,,146.87964487075806,52.83612322807312,fbf2c47537e35414ab9e42e3a47c0297d15bc63ef168b87d7f3f009e,0,,,ensemble,1.0,0.575735294117647,0.6776960784313726,0.19281045751633988,0.28137254901960784
ensemble_soft_performance_size5_xgb_cnb_ins_rf_lr_out_domain_AP_UP_size0.7,out_domain,AP,UP,0.7153024911032029,0.35587188612099646,"[0.6198398576512456, 0.7376334519572953]","[0.2918149466192171, 0.40604982206405693]",1186,281,201.32368731498718,,153.01784229278564,47.815478801727295,55e74d03b01ccb2441368798803c1de2caa8b22d7209910bf29485ad,0,,,ensemble,1.0,0.6198398576512456,0.7376334519572953,0.2918149466192171,0.40604982206405693
