experiment_id,experiment_type,train_site,test_site,csmf_accuracy,cod_accuracy,csmf_accuracy_ci,cod_accuracy_ci,n_train,n_test,execution_time_seconds,tuning_time_seconds,training_time_seconds,inference_time_seconds,worker_id,retry_count,error,model,training_fraction,csmf_accuracy_ci_lower,csmf_accuracy_ci_upper,cod_accuracy_ci_lower,cod_accuracy_ci_upper
insilico_in_domain_Pemba_Pemba_size1.0,in_domain,Pemba,Pemba,0.8813559322033898,0.5333333333333333,"[0.7434614260666277, 0.8983050847457628]","[0.43333333333333335, 0.6587499999999998]",237,60,23.285893201828003,,0.0021698474884033203,22.990496158599854,5d3541e968fecb6e0fe14e7cbafd3f18fbde268ee519930577533aad,0,,insilico,1.0,0.7434614260666277,0.8983050847457628,0.43333333333333335,0.6587499999999998
insilico_out_domain_AP_Pemba_size1.0,out_domain,AP,Pemba,0.3666666666666667,0.23333333333333334,"[0.22458333333333336, 0.44999999999999996]","[0.13250000000000006, 0.3333333333333333]",1186,60,33.16801309585571,,0.003757953643798828,32.838834047317505,d99b115dbf5f5ddfb25a7c206c74e35af03994849ef8ca7894b2165e,0,,insilico,1.0,0.22458333333333336,0.44999999999999996,0.13250000000000006,0.3333333333333333
insilico_in_domain_Bohol_Bohol_size1.0,in_domain,Bohol,Bohol,0.712,0.32270916334661354,"[0.6259, 0.7461]","[0.25876494023904384, 0.3925298804780876]",1001,251,102.0242030620575,,0.0026178359985351562,101.60368704795837,d32fb982c33b4693c2953c083460df83d7fe7f7438a5427688ba3463,0,,insilico,1.0,0.6259,0.7461,0.25876494023904384,0.3925298804780876
insilico_out_domain_AP_Bohol_size1.0,out_domain,AP,Bohol,0.6135458167330677,0.23904382470119523,"[0.5397410358565736, 0.6693227091633467]","[0.18914342629482073, 0.29691235059760956]",1186,251,100.92807984352112,,0.0025529861450195312,100.62801790237427,90b53311415740901587d3a7d8c31bc5dd50b603f59a421d35fed4e3,0,,insilico,1.0,0.5397410358565736,0.6693227091633467,0.18914342629482073,0.29691235059760956
insilico_in_domain_UP_UP_size1.0,in_domain,UP,UP,0.8678571428571429,0.4697508896797153,"[0.7678571428571428, 0.8659120583717358]","[0.41806049822064056, 0.5249999999999999]",1124,281,109.76077818870544,,0.002393007278442383,109.44048714637756,ce3cddfbb0d96dc4c3e907d339acf6b74c75edea36156c84596b27d4,0,,insilico,1.0,0.7678571428571428,0.8659120583717358,0.41806049822064056,0.5249999999999999
insilico_in_domain_Mexico_Mexico_size1.0,in_domain,Mexico,Mexico,0.7409836065573772,0.3562091503267974,"[0.6638524590163934, 0.765655737704918]","[0.3006535947712418, 0.4138071895424835]",1222,306,120.23133683204651,,0.0028162002563476562,119.95917677879333,630e9932557eb46d95172604674c696d28710fd715afd7cdefa048ac,0,,insilico,1.0,0.6638524590163934,0.765655737704918,0.3006535947712418,0.4138071895424835
insilico_in_domain_AP_AP_size1.0,in_domain,AP,AP,0.7972972972972974,0.4276094276094276,"[0.7245777027027027, 0.81626001001001]","[0.37373737373737376, 0.4765151515151515]",1186,297,126.88442277908325,,0.0025370121002197266,126.39295816421509,118e1cb5d408571e28fbf34850de2680a7d6fef26f257d0051fbb638,0,,insilico,1.0,0.7245777027027027,0.81626001001001,0.37373737373737376,0.4765151515151515
insilico_in_domain_Dar_Dar_size1.0,in_domain,Dar,Dar,0.7987616099071208,0.3487654320987654,"[0.7160493827160495, 0.8114515250544663]","[0.2993827160493827, 0.39668209876543203]",1293,324,126.56883692741394,,0.002577066421508789,126.49226021766663,4ba40794c2cecde3cd52996c90461464b8fc579c306b1f8efc11c9c6,0,,insilico,1.0,0.7160493827160495,0.8114515250544663,0.2993827160493827,0.39668209876543203
insilico_out_domain_AP_Mexico_size1.0,out_domain,AP,Mexico,0.5816993464052287,0.2581699346405229,"[0.5111928104575164, 0.6129901960784313]","[0.20743464052287583, 0.30236928104575156]",1186,306,125.46424007415771,,0.002668142318725586,125.22621178627014,c47f924df1111667f05cfb176657d604d47bd337975923dc0bc5298c,0,,insilico,1.0,0.5111928104575164,0.6129901960784313,0.20743464052287583,0.30236928104575156
insilico_out_domain_AP_Dar_size1.0,out_domain,AP,Dar,0.5061728395061729,0.2345679012345679,"[0.43356481481481474, 0.5401234567901234]","[0.18665123456790123, 0.27793209876543207]",1186,324,128.53657984733582,,0.00273895263671875,128.21644377708435,479f6b2014910b725b3e19d33369771ef92a26888cfac8c578ae8ea1,0,,insilico,1.0,0.43356481481481474,0.5401234567901234,0.18665123456790123,0.27793209876543207
categorical_nb_in_domain_Mexico_Mexico_size1.0,in_domain,Mexico,Mexico,0.28104575163398693,0.12418300653594772,"[0.2222222222222222, 0.32851307189542484]","[0.08496732026143791, 0.1651143790849673]",1222,306,1618.800117969513,1617.955307006836,0.06487393379211426,0.0923147201538086,91fd3cf620f51ebfa157b454e419e0ba887721032d79fa254f54e0e7,0,,categorical_nb,1.0,0.2222222222222222,0.32851307189542484,0.08496732026143791,0.1651143790849673
random_forest_out_domain_AP_Dar_size1.0,out_domain,AP,Dar,0.3456790123456791,0.1419753086419753,"[0.2868827160493827, 0.3781635802469136]","[0.10933641975308643, 0.17299382716049377]",1186,324,3303.3400242328644,3302.336098909378,0.1667487621307373,0.10450911521911621,e02b6a9f0623e031d06f78d07aa88e23a3ca782308a0ee2e9418abcf,0,,random_forest,1.0,0.2868827160493827,0.3781635802469136,0.10933641975308643,0.17299382716049377
categorical_nb_in_domain_Pemba_Pemba_size1.0,in_domain,Pemba,Pemba,0.08333333333333337,0.03333333333333333,"[0.016666666666666607, 0.14208333333333312]","[0.0, 0.08333333333333333]",237,60,4055.526081085205,4054.655168056488,0.022222042083740234,0.0610048770904541,81d3d439b887a449420d9e2c7fe8710f83c4da260030017127c9e634,0,,categorical_nb,1.0,0.016666666666666607,0.14208333333333312,0.0,0.08333333333333333
logistic_regression_in_domain_Pemba_Pemba_size1.0,in_domain,Pemba,Pemba,1.1102230246251565e-16,0.0,"[0.0, 1.6930901125533543e-16]","[0.0, 0.0]",237,60,4344.159368991852,4343.156820058823,0.041921138763427734,0.0558018684387207,6e4003956e81646513b64358f4cbf5c9964d5c66ed9a047c605c2c24,0,,logistic_regression,1.0,0.0,1.6930901125533543e-16,0.0,0.0
categorical_nb_in_domain_Dar_Dar_size1.0,in_domain,Dar,Dar,0.22291021671826616,0.08950617283950617,"[0.17577160493827151, 0.2563271604938272]","[0.06790123456790123, 0.12345679012345678]",1293,324,4553.122946977615,4552.627175807953,0.07366800308227539,0.09512519836425781,70554d131ca450959d3bbd026528975c5aed0104091caae5d10bfb06,0,,categorical_nb,1.0,0.17577160493827151,0.2563271604938272,0.06790123456790123,0.12345679012345678
logistic_regression_in_domain_Bohol_Bohol_size1.0,in_domain,Bohol,Bohol,0.7689243027888446,0.3426294820717131,"[0.6772908366533865, 0.7890438247011952]","[0.2948207171314741, 0.4103585657370518]",1001,251,4601.809279918671,4576.902143239975,23.34491205215454,0.07063794136047363,9b2d27f3fc3abb214d001f43d467165a338660b6c919be2ea4940bfd,0,,logistic_regression,1.0,0.6772908366533865,0.7890438247011952,0.2948207171314741,0.4103585657370518
random_forest_in_domain_Pemba_Pemba_size1.0,in_domain,Pemba,Pemba,0.8666666666666667,0.5833333333333334,"[0.7333333333333333, 0.9]","[0.5, 0.7]",237,60,4824.449057102203,4823.397296905518,0.5380361080169678,0.0899360179901123,11f27dcc09915a4d4140eb0e6c899663ad1cd7657e22f334b1897b47,0,,random_forest,1.0,0.7333333333333333,0.9,0.5,0.7
xgboost_out_domain_AP_Mexico_size1.0,out_domain,AP,Mexico,0.5980392156862745,0.2222222222222222,"[0.5292483660130719, 0.6374183006535946]","[0.17303921568627453, 0.2648692810457516]",1186,306,4772.206143140793,4769.7296578884125,1.4730770587921143,0.1129751205444336,cec6289c54fb0b83215f3c48add282bd215d25a757e32d3b0f4fbcb8,0,,xgboost,1.0,0.5292483660130719,0.6374183006535946,0.17303921568627453,0.2648692810457516
random_forest_out_domain_AP_Pemba_size1.0,out_domain,AP,Pemba,0.2833333333333333,0.23333333333333334,"[0.15000000000000002, 0.3833333333333333]","[0.12458333333333338, 0.35]",1186,60,4782.7741549015045,4781.693071842194,0.17296195030212402,0.11498785018920898,de47be1e78fb9c2867a525aafe61a3d9261df4675cda650e6f044fc4,0,,random_forest,1.0,0.15000000000000002,0.3833333333333333,0.12458333333333338,0.35
categorical_nb_out_domain_AP_Bohol_size1.0,out_domain,AP,Bohol,0.38247011952191234,0.14342629482071714,"[0.31075697211155384, 0.4342629482071714]","[0.10358565737051793, 0.17739043824701192]",1186,251,5316.603855133057,5314.863810777664,0.06751489639282227,0.08645081520080566,c47f924df1111667f05cfb176657d604d47bd337975923dc0bc5298c,0,,categorical_nb,1.0,0.31075697211155384,0.4342629482071714,0.10358565737051793,0.17739043824701192
categorical_nb_in_domain_UP_UP_size1.0,in_domain,UP,UP,0.7678571428571428,0.4092526690391459,"[0.6766964285714286, 0.7964285714285715]","[0.35346975088967975, 0.4521352313167259]",1124,281,5458.599402427673,5457.643855810165,0.060305118560791016,0.090789794921875,6b88644be806a6a0f51e4343ae9b2683b5b61db483b6000dd3fa7f7c,0,,categorical_nb,1.0,0.6766964285714286,0.7964285714285715,0.35346975088967975,0.4521352313167259
categorical_nb_out_domain_AP_Mexico_size1.0,out_domain,AP,Mexico,0.25163398692810457,0.0392156862745098,"[0.20073529411764704, 0.2925653594771242]","[0.017892156862745107, 0.06209150326797386]",1186,306,5337.6963222026825,5337.012893199921,0.06602716445922852,0.09085416793823242,e30244ec0c9fb01cf457e20ab30e9a93d84ebad7f6497d167acbf8f7,0,,categorical_nb,1.0,0.20073529411764704,0.2925653594771242,0.017892156862745107,0.06209150326797386
xgboost_in_domain_Bohol_Bohol_size1.0,in_domain,Bohol,Bohol,0.8645418326693227,0.4063745019920319,"[0.7626494023904382, 0.8685258964143426]","[0.350597609561753, 0.46215139442231074]",1001,251,5637.14449095726,5632.933119058609,2.542632818222046,0.10847282409667969,ecac8c818af7059ea852b66fee540b4aea7ae9ec142c3a6c6910957f,0,,xgboost,1.0,0.7626494023904382,0.8685258964143426,0.350597609561753,0.46215139442231074
logistic_regression_out_domain_AP_Bohol_size1.0,out_domain,AP,Bohol,0.007968127490039945,0.0,"[1.1102230246251565e-16, 0.01593625498007989]","[0.0, 0.0]",1186,251,5526.948764324188,5507.385558843613,18.889540910720825,0.06924319267272949,dc8ad51c056398f0fd08f6c9a5160ea487729b8704ea8bf8def2cd5c,0,,logistic_regression,1.0,1.1102230246251565e-16,0.01593625498007989,0.0,0.0
random_forest_out_domain_AP_Mexico_size1.0,out_domain,AP,Mexico,0.39869281045751637,0.10457516339869281,"[0.3250816993464053, 0.42017973856209145]","[0.07998366013071896, 0.1324346405228758]",1186,306,5510.7418830394745,5509.8481278419495,0.1914832592010498,0.1100320816040039,1f37be6d4f8cdc9f54c91c30cd466f42461b2fb3ea424b0b217f2841,0,,random_forest,1.0,0.3250816993464053,0.42017973856209145,0.07998366013071896,0.1324346405228758
xgboost_in_domain_Mexico_Mexico_size1.0,in_domain,Mexico,Mexico,0.7450980392156863,0.39869281045751637,"[0.668218954248366, 0.7794934640522876]","[0.34624183006535947, 0.45098039215686275]",1222,306,5770.719975233078,5769.780529022217,0.6716611385345459,0.0802621841430664,21634bf921dfef028df2a3687f19790eda996d0c87b82768d76ef0b1,0,,xgboost,1.0,0.668218954248366,0.7794934640522876,0.34624183006535947,0.45098039215686275
random_forest_out_domain_AP_Bohol_size1.0,out_domain,AP,Bohol,0.09163346613545831,0.035856573705179286,"[0.061653386454183334, 0.11952191235059773]","[0.01593625498007968, 0.05976095617529881]",1186,251,5743.15433382988,5741.912750720978,0.16020488739013672,0.10901093482971191,b322407358ce4bc4862a0c4095b1dedc029de9e72c794f35a991d036,0,,random_forest,1.0,0.061653386454183334,0.11952191235059773,0.01593625498007968,0.05976095617529881
categorical_nb_in_domain_Bohol_Bohol_size1.0,in_domain,Bohol,Bohol,0.2350597609561753,0.10358565737051793,"[0.17320717131474106, 0.27888446215139456]","[0.06374501992031872, 0.13545816733067728]",1001,251,5876.8815631866455,5875.255326986313,0.05762481689453125,0.08421611785888672,bdd6e23db042e2f1d809452b2f247c029d0efcc2da37d53d4c8f0fa7,0,,categorical_nb,1.0,0.17320717131474106,0.27888446215139456,0.06374501992031872,0.13545816733067728
random_forest_in_domain_Bohol_Bohol_size1.0,in_domain,Bohol,Bohol,0.6573705179282868,0.35856573705179284,"[0.5915338645418328, 0.6993027888446215]","[0.30677290836653387, 0.41245019920318726]",1001,251,5877.540827989578,5875.53538107872,0.349092960357666,0.1445472240447998,7bc2a6ce4843bd60c6c061e2a3f458b9af3be6e018c61b378cafd742,0,,random_forest,1.0,0.5915338645418328,0.6993027888446215,0.30677290836653387,0.41245019920318726
categorical_nb_out_domain_AP_Dar_size1.0,out_domain,AP,Dar,0.4104938271604939,0.08024691358024691,"[0.3502314814814815, 0.4413580246913581]","[0.04938271604938271, 0.11288580246913572]",1186,324,5715.832241773605,5715.2019917964935,0.06706786155700684,0.09594893455505371,97ac280362dcd4b3f7e854a9a5226f0579e6a50686b1bb96ec1f6e64,0,,categorical_nb,1.0,0.3502314814814815,0.4413580246913581,0.04938271604938271,0.11288580246913572
xgboost_in_domain_Pemba_Pemba_size1.0,in_domain,Pemba,Pemba,0.8,0.5166666666666667,"[0.6499999999999999, 0.8333333333333334]","[0.42458333333333337, 0.65]",237,60,5897.013473033905,5896.373520851135,0.14733076095581055,0.06490421295166016,5a66bc6cbd9be37289128ca41b4ad75d2842a4f6431f73758f73fd80,0,,xgboost,1.0,0.6499999999999999,0.8333333333333334,0.42458333333333337,0.65
logistic_regression_out_domain_AP_Mexico_size1.0,out_domain,AP,Mexico,0.37908496732026153,0.11437908496732026,"[0.3137254901960784, 0.42156862745098045]","[0.07344771241830066, 0.14052287581699346]",1186,306,5724.826059818268,5715.199218034744,8.778921842575073,0.076171875,aadd8e981738d4d3b1ef2443ab87a6ec8f92e5515bc4bdfae18c84cb,0,,logistic_regression,1.0,0.3137254901960784,0.42156862745098045,0.07344771241830066,0.14052287581699346
random_forest_in_domain_AP_AP_size1.0,in_domain,AP,AP,0.7702702702702703,0.4006734006734007,"[0.6748316498316498, 0.7875383906633906]","[0.3585016835016835, 0.4511784511784512]",1186,297,5950.871730327606,5948.691780805588,0.3951528072357178,0.22440719604492188,c6430ab1064d46176b32682a2459a1db438a323af39689cd3b087389,0,,random_forest,1.0,0.6748316498316498,0.7875383906633906,0.3585016835016835,0.4511784511784512
xgboost_out_domain_AP_Bohol_size1.0,out_domain,AP,Bohol,0.04780876494023922,0.01593625498007968,"[0.02788844621513953, 0.0677290836653387]","[0.00398406374501992, 0.035856573705179286]",1186,251,5851.639095783234,5849.353237867355,1.666712760925293,0.10296320915222168,352d5426c783ccea13da6d005d4470619723e109b64787bca8d538ab,0,,xgboost,1.0,0.02788844621513953,0.0677290836653387,0.00398406374501992,0.035856573705179286
logistic_regression_in_domain_Dar_Dar_size1.0,in_domain,Dar,Dar,0.8395061728395061,0.38580246913580246,"[0.7469135802469136, 0.8442129629629629]","[0.33479938271604937, 0.4522376543209876]",1293,324,5963.471461057663,5943.37545800209,19.68913722038269,0.07323789596557617,04209365deec2cf1ed172d2d9eac520100a3eb9c285775f24615d107,0,,logistic_regression,1.0,0.7469135802469136,0.8442129629629629,0.33479938271604937,0.4522376543209876
random_forest_in_domain_UP_UP_size1.0,in_domain,UP,UP,0.7071428571428572,0.48398576512455516,"[0.6487855871886121, 0.7406768433179723]","[0.4412811387900356, 0.5463523131672597]",1124,281,5919.110001087189,5918.359004020691,0.13212299346923828,0.12810301780700684,9e37213933da2dfe845040f16b2b3d156ac44186f17fb4e54bef84fa,0,,random_forest,1.0,0.6487855871886121,0.7406768433179723,0.4412811387900356,0.5463523131672597
xgboost_in_domain_UP_UP_size1.0,in_domain,UP,UP,0.8464285714285715,0.5124555160142349,"[0.766814946619217, 0.8521285587188612]","[0.4624555160142349, 0.5768683274021351]",1124,281,5940.645852327347,5938.983376026154,0.6289160251617432,0.08623194694519043,fb4837c305b25cca219899a758a44f80feacf7802ba73a2871b71bcc,0,,xgboost,1.0,0.766814946619217,0.8521285587188612,0.4624555160142349,0.5768683274021351
categorical_nb_in_domain_AP_AP_size1.0,in_domain,AP,AP,0.6722972972972974,0.3265993265993266,"[0.5950686481936482, 0.6946790540540541]","[0.2743265993265993, 0.3771043771043771]",1186,297,5988.216078042984,5986.494438171387,0.07049989700317383,0.0975489616394043,2c272eee21dc61c25881f8c17636d5d9b445e219896d7300869c68d8,0,,categorical_nb,1.0,0.5950686481936482,0.6946790540540541,0.2743265993265993,0.3771043771043771
logistic_regression_in_domain_UP_UP_size1.0,in_domain,UP,UP,0.8398576512455517,0.48398576512455516,"[0.763256227758007, 0.8559608540925266]","[0.43416370106761565, 0.5392348754448398]",1124,281,5913.800521373749,5897.304103851318,15.463162183761597,0.07220697402954102,347eb46331efdf772b1fa24c38abc2c7b49ec57b08d1cca1fd17c238,0,,logistic_regression,1.0,0.763256227758007,0.8559608540925266,0.43416370106761565,0.5392348754448398
xgboost_out_domain_AP_Pemba_size1.0,out_domain,AP,Pemba,0.44999999999999984,0.35,"[0.29999999999999993, 0.5666666666666667]","[0.24125000000000005, 0.4666666666666667]",1186,60,5769.978356838226,5765.802486896515,3.348736047744751,0.07239794731140137,519bbee2710cfe40b95eaa76d7d64a407e4bdb15c4c99415ebc308cb,0,,xgboost,1.0,0.29999999999999993,0.5666666666666667,0.24125000000000005,0.4666666666666667
random_forest_in_domain_Dar_Dar_size1.0,in_domain,Dar,Dar,0.7777777777777778,0.41975308641975306,"[0.6912037037037038, 0.7993827160493827]","[0.36712962962962964, 0.47530864197530864]",1293,324,6003.263214111328,6001.365605831146,0.23708200454711914,0.12697505950927734,a8443c82f86dd0ae8876bc26d87571e7f14d14fdc7e55d24424b25ba,0,,random_forest,1.0,0.6912037037037038,0.7993827160493827,0.36712962962962964,0.47530864197530864
xgboost_in_domain_Dar_Dar_size1.0,in_domain,Dar,Dar,0.8765432098765432,0.4382716049382716,"[0.7823302469135803, 0.8781635802469135]","[0.3794753086419753, 0.49382716049382713]",1293,324,6008.441819190979,6003.523948907852,3.2597110271453857,0.1688549518585205,8b0eb5151c7b4b01126c7dcb88d199767699f02eeff5bc552889fd7b,0,,xgboost,1.0,0.7823302469135803,0.8781635802469135,0.3794753086419753,0.49382716049382713
random_forest_in_domain_Mexico_Mexico_size1.0,in_domain,Mexico,Mexico,0.8137254901960784,0.3562091503267974,"[0.7169117647058824, 0.80890522875817]","[0.30032679738562096, 0.4069444444444444]",1222,306,5988.753617048264,5987.344862937927,0.5447728633880615,0.17081904411315918,1cdac8d229ca7ebf000bcd2c19cf4cfa3134c5f602266f9bda79f3e0,0,,random_forest,1.0,0.7169117647058824,0.80890522875817,0.30032679738562096,0.4069444444444444
xgboost_in_domain_AP_AP_size1.0,in_domain,AP,AP,0.8614864864864865,0.4713804713804714,"[0.7689086814086814, 0.8551363863863863]","[0.4191077441077441, 0.5339225589225588]",1186,297,6018.9990520477295,6015.731068849564,1.5789811611175537,0.11419105529785156,91e3a01e4c3b3ec36e06e72c7e4bc77f103f714f68b97caf515e22f0,0,,xgboost,1.0,0.7689086814086814,0.8551363863863863,0.4191077441077441,0.5339225589225588
logistic_regression_out_domain_AP_Pemba_size1.0,out_domain,AP,Pemba,0.35,0.21666666666666667,"[0.21666666666666656, 0.4595833333333329]","[0.11666666666666667, 0.3254166666666665]",1186,60,5776.779236078262,5757.392982006073,18.529150009155273,0.05945706367492676,7a31cc4f3c40814e2ca5453a29e536309e8692a257bf3de05a5bfb27,0,,logistic_regression,1.0,0.21666666666666656,0.4595833333333329,0.11666666666666667,0.3254166666666665
xgboost_out_domain_AP_Dar_size1.0,out_domain,AP,Dar,0.25617283950617287,0.11728395061728394,"[0.20825617283950618, 0.28395061728395055]","[0.08155864197530865, 0.14683641975308634]",1186,324,5883.18085193634,5880.5664048194885,1.9034287929534912,0.14884614944458008,e65ee8c4489dd1d68838876739c34a6e1d8721bb77c0bdb4e860fb8d,0,,xgboost,1.0,0.20825617283950618,0.28395061728395055,0.08155864197530865,0.14683641975308634
categorical_nb_out_domain_AP_Pemba_size1.0,out_domain,AP,Pemba,0.30000000000000004,0.18333333333333332,"[0.1833333333333334, 0.4]","[0.09125000000000004, 0.2833333333333333]",1186,60,5769.514870166779,5768.563957929611,0.06831884384155273,0.06171107292175293,92ccd55463d909cbee564f1ab0a3023917582c66040d7bde34023d4f,0,,categorical_nb,1.0,0.1833333333333334,0.4,0.09125000000000004,0.2833333333333333
logistic_regression_in_domain_AP_AP_size1.0,in_domain,AP,AP,0.8243243243243243,0.44107744107744107,"[0.7405723905723905, 0.8381244881244881]","[0.3872053872053872, 0.5016835016835017]",1186,297,6056.854449272156,6038.179869890213,17.04562497138977,0.07060098648071289,669bf406df87d3257a1e341b79a232b10cad591cba98aceedf9219c7,0,,logistic_regression,1.0,0.7405723905723905,0.8381244881244881,0.3872053872053872,0.5016835016835017
logistic_regression_in_domain_Mexico_Mexico_size1.0,in_domain,Mexico,Mexico,0.4019607843137255,0.12745098039215685,"[0.3280228758169936, 0.4413398692810458]","[0.08962418300653598, 0.16356209150326792]",1222,306,6035.680933237076,6026.72952914238,8.193789958953857,0.07177400588989258,616af21aec5ec80a5e77ddd53bf6b715c8a42d5ad5b6d517909992b4,0,,logistic_regression,1.0,0.3280228758169936,0.4413398692810458,0.08962418300653598,0.16356209150326792
logistic_regression_out_domain_AP_Dar_size1.0,out_domain,AP,Dar,0.42901234567901236,0.11728395061728394,"[0.367283950617284, 0.46149691358024686]","[0.08626543209876544, 0.15123456790123457]",1186,324,5935.454618215561,5917.936359167099,16.832985162734985,0.06985092163085938,387d6627448b9de8c90c3b2d157fbe37e30736470dd3fa0f9148fd5d,0,,logistic_regression,1.0,0.367283950617284,0.46149691358024686,0.08626543209876544,0.15123456790123457
insilico_out_domain_Dar_Pemba_size1.0,out_domain,Dar,Pemba,0.44999999999999996,0.23333333333333334,"[0.2833333333333333, 0.5420833333333333]","[0.13333333333333333, 0.35]",1293,60,30.498895168304443,,0.0037403106689453125,30.090656995773315,41be22e5894c1e21cda70b2005c617bfb21b7586b6a42317b579fac3,0,,insilico,1.0,0.2833333333333333,0.5420833333333333,0.13333333333333333,0.35
insilico_out_domain_Bohol_Pemba_size1.0,out_domain,Bohol,Pemba,0.31666666666666665,0.21666666666666667,"[0.20791666666666675, 0.43333333333333324]","[0.13333333333333333, 0.30874999999999986]",1001,60,30.72340416908264,,0.00397491455078125,30.31815195083618,b886f7dd4c17e816462d6f577ba3129049896a98f0d48afe9c770459,0,,insilico,1.0,0.20791666666666675,0.43333333333333324,0.13333333333333333,0.30874999999999986
insilico_out_domain_Dar_Bohol_size1.0,out_domain,Dar,Bohol,0.40239043824701204,0.18725099601593626,"[0.34661354581673315, 0.4422310756972112]","[0.14133466135458167, 0.23107569721115537]",1293,251,100.46299386024475,,0.0033609867095947266,100.05026531219482,b72e707f1f4034a6ebe7d926af2a46ac227fe31bb3cd245da6e172b8,0,,insilico,1.0,0.34661354581673315,0.4422310756972112,0.14133466135458167,0.23107569721115537
insilico_out_domain_Bohol_UP_size1.0,out_domain,Bohol,UP,0.494661921708185,0.25622775800711745,"[0.41975088967971536, 0.5373665480427046]","[0.20097864768683274, 0.30604982206405695]",1001,281,110.47274088859558,,0.0035741329193115234,110.06836295127869,967b326cd6abdc0445a43029c2570735cd6067efc220fcdd26b6b1c9,0,,insilico,1.0,0.41975088967971536,0.5373665480427046,0.20097864768683274,0.30604982206405695
insilico_out_domain_Dar_AP_size1.0,out_domain,Dar,AP,0.625,0.23232323232323232,"[0.5401515151515152, 0.659503822003822]","[0.18501683501683502, 0.28619528619528617]",1293,297,112.03770518302917,,0.003042936325073242,111.71446824073792,d7d4940439ad76bfc95377963712eb9a1a79abb71492c12facceb30b,0,,insilico,1.0,0.5401515151515152,0.659503822003822,0.18501683501683502,0.28619528619528617
insilico_out_domain_AP_UP_size1.0,out_domain,AP,UP,0.6178571428571429,0.3238434163701068,"[0.5371886120996442, 0.6583629893238434]","[0.26859430604982204, 0.3719750889679715]",1186,281,114.85687112808228,,0.0021181106567382812,114.34477281570435,7a31cc4f3c40814e2ca5453a29e536309e8692a257bf3de05a5bfb27,0,,insilico,1.0,0.5371886120996442,0.6583629893238434,0.26859430604982204,0.3719750889679715
insilico_out_domain_Bohol_AP_size1.0,out_domain,Bohol,AP,0.5067567567567568,0.24915824915824916,"[0.44505841068341073, 0.5566100191100192]","[0.20361952861952862, 0.30690235690235673]",1001,297,115.90721797943115,,0.002077817916870117,115.39862298965454,fb4837c305b25cca219899a758a44f80feacf7802ba73a2871b71bcc,0,,insilico,1.0,0.44505841068341073,0.5566100191100192,0.20361952861952862,0.30690235690235673
insilico_out_domain_Bohol_Mexico_size1.0,out_domain,Bohol,Mexico,0.6209150326797384,0.21241830065359477,"[0.552124183006536, 0.6669934640522875]","[0.16339869281045752, 0.2631535947712418]",1001,306,117.04691886901855,,0.0027778148651123047,116.72035813331604,21fe5bc90755a9fa610aa059a83c8f51b283411fc29443e069796862,0,,insilico,1.0,0.552124183006536,0.6669934640522875,0.16339869281045752,0.2631535947712418
insilico_out_domain_Dar_Mexico_size1.0,out_domain,Dar,Mexico,0.4607843137254901,0.1503267973856209,"[0.3739379084967321, 0.5032679738562091]","[0.11593137254901961, 0.18145424836601304]",1293,306,118.24531507492065,,0.003574848175048828,117.82899403572083,a02cf94f9e539cb61166142a1da518ce6de81cdf1b49d70e2f70eb50,0,,insilico,1.0,0.3739379084967321,0.5032679738562091,0.11593137254901961,0.18145424836601304
insilico_out_domain_Bohol_Dar_size1.0,out_domain,Bohol,Dar,0.5572755417956656,0.20987654320987653,"[0.4827932098765433, 0.5735411172266177]","[0.1728395061728395, 0.24853395061728392]",1001,324,123.23601412773132,,0.002805948257446289,122.91234111785889,c89714e585fb1ddd1292d9fb912328dcea8c8797a52ba6a1efb54626,0,,insilico,1.0,0.4827932098765433,0.5735411172266177,0.1728395061728395,0.24853395061728392
categorical_nb_out_domain_Bohol_Pemba_size1.0,out_domain,Bohol,Pemba,0.08333333333333337,0.06666666666666667,"[0.016666666666666607, 0.15083333333333296]","[0.016666666666666666, 0.14208333333333317]",1001,60,1718.4913122653961,1717.9444851875305,0.05858421325683594,0.06322193145751953,09ddf26c116cb75c46dd739513a7eb3825ce9a01df2b04d813a4168c,0,,categorical_nb,1.0,0.016666666666666607,0.15083333333333296,0.016666666666666666,0.14208333333333317
logistic_regression_out_domain_Bohol_UP_size1.0,out_domain,Bohol,UP,0.29181494661921714,0.09608540925266904,"[0.23300711743772234, 0.3399466192170818]","[0.07286476868327403, 0.12304270462633443]",1001,281,3364.1578891277313,3332.0885379314423,31.545575857162476,0.0707089900970459,3172ded343093550122365b50b79901e9e03a5711e867ca37d5830bb,0,,logistic_regression,1.0,0.23300711743772234,0.3399466192170818,0.07286476868327403,0.12304270462633443
random_forest_out_domain_Dar_AP_size1.0,out_domain,Dar,AP,0.0942760942760944,0.030303030303030304,"[0.062312881062881055, 0.13324915824915817]","[0.011700336700336707, 0.05227272727272724]",1293,297,3418.992861032486,3418.0058290958405,0.24088668823242188,0.15732502937316895,b72e707f1f4034a6ebe7d926af2a46ac227fe31bb3cd245da6e172b8,0,,random_forest,1.0,0.062312881062881055,0.13324915824915817,0.011700336700336707,0.05227272727272724
random_forest_out_domain_Bohol_Dar_size1.0,out_domain,Bohol,Dar,0.6358024691358024,0.30864197530864196,"[0.5687363834422657, 0.6590277777777778]","[0.25617283950617287, 0.35038580246913575]",1001,324,3558.9310913085938,3558.214371919632,0.4599030017852783,0.10945415496826172,519bbee2710cfe40b95eaa76d7d64a407e4bdb15c4c99415ebc308cb,0,,random_forest,1.0,0.5687363834422657,0.6590277777777778,0.25617283950617287,0.35038580246913575
xgboost_out_domain_Bohol_AP_size1.0,out_domain,Bohol,AP,0.20608108108108114,0.09427609427609428,"[0.15701013513513506, 0.22687929454878603]","[0.06397306397306397, 0.12634680134680132]",1001,297,3827.08944272995,3825.640118122101,1.2668380737304688,0.11149024963378906,e65ee8c4489dd1d68838876739c34a6e1d8721bb77c0bdb4e860fb8d,0,,xgboost,1.0,0.15701013513513506,0.22687929454878603,0.06397306397306397,0.12634680134680132
categorical_nb_out_domain_Bohol_AP_size1.0,out_domain,Bohol,AP,0.11447811447811451,0.037037037037037035,"[0.06893939393939397, 0.13804713804713803]","[0.016666666666666684, 0.05740740740740735]",1001,297,3833.1994318962097,3832.9815380573273,0.06042003631591797,0.08979129791259766,1cdac8d229ca7ebf000bcd2c19cf4cfa3134c5f602266f9bda79f3e0,0,,categorical_nb,1.0,0.06893939393939397,0.13804713804713803,0.016666666666666684,0.05740740740740735
logistic_regression_out_domain_Bohol_Mexico_size1.0,out_domain,Bohol,Mexico,0.04590163934426239,0.049019607843137254,"[0.027786885245901633, 0.07213114754098365]","[0.030964052287581707, 0.07516339869281045]",1001,306,4322.641973018646,4321.869549036026,0.267657995223999,0.06917667388916016,b2786ced22b324288d994ebf7dc5421f5a1f9ab3757325854fb1b944,0,,logistic_regression,1.0,0.027786885245901633,0.07213114754098365,0.030964052287581707,0.07516339869281045
xgboost_out_domain_AP_UP_size1.0,out_domain,AP,UP,0.7428571428571429,0.45195729537366547,"[0.6600533807829181, 0.7758007117437723]","[0.40213523131672596, 0.5092526690391458]",1186,281,4337.492949962616,4333.451954364777,3.803441047668457,0.1621100902557373,387d6627448b9de8c90c3b2d157fbe37e30736470dd3fa0f9148fd5d,0,,xgboost,1.0,0.6600533807829181,0.7758007117437723,0.40213523131672596,0.5092526690391458
xgboost_out_domain_Bohol_Mexico_size1.0,out_domain,Bohol,Mexico,0.12091503267973858,0.05228758169934641,"[0.08823529411764708, 0.15359477124183007]","[0.032679738562091505, 0.07361111111111109]",1001,306,4356.464259147644,4354.4028952121735,1.3127717971801758,0.11011505126953125,ebbfa8f81d749a788ff56423fa566380216de0ac2b26020353d22d0a,0,,xgboost,1.0,0.08823529411764708,0.15359477124183007,0.032679738562091505,0.07361111111111109
random_forest_out_domain_Dar_Bohol_size1.0,out_domain,Dar,Bohol,0.40637450199203196,0.199203187250996,"[0.3405378486055777, 0.4522908366533865]","[0.1553784860557769, 0.24721115537848598]",1293,251,4222.690416812897,4222.087869882584,0.19775629043579102,0.09817981719970703,148ec34524eac2a5f78c4201de297e13171ae5fd19862646b0093370,0,,random_forest,1.0,0.3405378486055777,0.4522908366533865,0.1553784860557769,0.24721115537848598
random_forest_out_domain_Bohol_UP_size1.0,out_domain,Bohol,UP,0.12142857142857122,0.02491103202846975,"[0.07468861209964422, 0.1395478110599078]","[0.00880782918149467, 0.04101423487544481]",1001,281,4348.751517057419,4346.978162050247,0.1775522232055664,0.12148880958557129,8bd55bd15ad37bc43a321f7d1c29511986ec749b5715c928623623bc,0,,random_forest,1.0,0.07468861209964422,0.1395478110599078,0.00880782918149467,0.04101423487544481
categorical_nb_out_domain_Bohol_UP_size1.0,out_domain,Bohol,UP,0.30604982206405695,0.12099644128113879,"[0.24350533807829178, 0.345373665480427]","[0.08540925266903915, 0.1513345195729537]",1001,281,4377.737607955933,4377.127087831497,0.059159040451049805,0.08831477165222168,82615ade289f10d77d475b4e53813e42fdcd1b0f1ada8f192a3c0332,0,,categorical_nb,1.0,0.24350533807829178,0.345373665480427,0.08540925266903915,0.1513345195729537
random_forest_out_domain_Bohol_Pemba_size1.0,out_domain,Bohol,Pemba,0.10000000000000009,0.0,"[0.03333333333333344, 0.16666666666666669]","[0.0, 0.0]",1001,60,4491.704054117203,4490.760589122772,0.10271382331848145,0.08747696876525879,9f315915fcf720132d50044179c8b8948fa78055ae288229df56deb3,0,,random_forest,1.0,0.03333333333333344,0.16666666666666669,0.0,0.0
logistic_regression_out_domain_Bohol_Dar_size1.0,out_domain,Bohol,Dar,0.6574074074074074,0.2808641975308642,"[0.5732979302832243, 0.6884259259259258]","[0.23148148148148148, 0.32098765432098764]",1001,324,4635.277706861496,4620.994902133942,14.162303924560547,0.07458996772766113,347eb46331efdf772b1fa24c38abc2c7b49ec57b08d1cca1fd17c238,0,,logistic_regression,1.0,0.5732979302832243,0.6884259259259258,0.23148148148148148,0.32098765432098764
categorical_nb_out_domain_AP_UP_size1.0,out_domain,AP,UP,0.30604982206405695,0.1494661921708185,"[0.23843416370106763, 0.345373665480427]","[0.10320284697508897, 0.19759786476868324]",1186,281,4726.660879850388,4726.437516927719,0.06720590591430664,0.08797097206115723,92ccd55463d909cbee564f1ab0a3023917582c66040d7bde34023d4f,0,,categorical_nb,1.0,0.23843416370106763,0.345373665480427,0.10320284697508897,0.19759786476868324
logistic_regression_out_domain_Bohol_Pemba_size1.0,out_domain,Bohol,Pemba,0.1166666666666667,0.06666666666666667,"[0.041250000000000064, 0.2]","[0.007916666666666706, 0.13333333333333333]",1001,60,4742.729652881622,4741.207644939423,0.8295798301696777,0.056472063064575195,3acbd18632488bcfc6b6c978b2c3f8b7701628e531f4d469cd2269d7,0,,logistic_regression,1.0,0.041250000000000064,0.2,0.007916666666666706,0.13333333333333333
xgboost_out_domain_Bohol_Pemba_size1.0,out_domain,Bohol,Pemba,0.15000000000000002,0.03333333333333333,"[0.050000000000000044, 0.20874999999999994]","[0.0, 0.07541666666666652]",1001,60,4762.714192867279,4760.834949016571,1.0942401885986328,0.06215500831604004,543d9b74052956e72d7ca5aacc635be90dd4364adbc98d9ce7510dde,0,,xgboost,1.0,0.050000000000000044,0.20874999999999994,0.0,0.07541666666666652
categorical_nb_out_domain_Dar_Mexico_size1.0,out_domain,Dar,Mexico,0.17320261437908513,0.042483660130718956,"[0.13398692810457524, 0.21413398692810462]","[0.02287581699346405, 0.07034313725490193]",1293,306,4611.700989246368,4611.090189933777,0.07321596145629883,0.09358978271484375,8cf55d2f7c2b01a6f10345860b247e4bed135027dedc14be5527b66d,0,,categorical_nb,1.0,0.13398692810457524,0.21413398692810462,0.02287581699346405,0.07034313725490193
categorical_nb_out_domain_Dar_Bohol_size1.0,out_domain,Dar,Bohol,0.19521912350597614,0.04780876494023904,"[0.14133466135458178, 0.2272908366533864]","[0.025796812749003993, 0.06982071713147407]",1293,251,4711.306324958801,4710.680296182632,0.07265281677246094,0.08471488952636719,906c97281080aba90e2621559213464521a13ca28403d687b2961048,0,,categorical_nb,1.0,0.14133466135458178,0.2272908366533864,0.025796812749003993,0.06982071713147407
categorical_nb_out_domain_Dar_Pemba_size1.0,out_domain,Dar,Pemba,0.21666666666666679,0.03333333333333333,"[0.11666666666666659, 0.3]","[0.0, 0.0920833333333332]",1293,60,4627.28177523613,4626.543506860733,0.07385706901550293,0.06038093566894531,4091bb56bd28593d31a0174f3b38e911f6d145175907946d06c5b8c1,0,,categorical_nb,1.0,0.11666666666666659,0.3,0.0,0.0920833333333332
xgboost_out_domain_Dar_AP_size1.0,out_domain,Dar,AP,0.05067567567567577,0.03367003367003367,"[0.02863175675675672, 0.07947635135135127]","[0.011700336700336707, 0.05387205387205387]",1293,297,4834.232006788254,4830.429675102234,3.2384300231933594,0.11212921142578125,283348def8c06f9c5db99f338acb268a96c5664390a400086dcfc949,0,,xgboost,1.0,0.02863175675675672,0.07947635135135127,0.011700336700336707,0.05387205387205387
random_forest_out_domain_Dar_Mexico_size1.0,out_domain,Dar,Mexico,0.0065359477124183885,0.0,"[0.0, 0.016339869281045753]","[0.0, 0.0]",1293,306,4755.125505924225,4754.030375003815,0.3915822505950928,0.19316887855529785,166d2f36155df67192c35d5f80444cf4c003e9cf0c3fdac0c8ab8502,0,,random_forest,1.0,0.0,0.016339869281045753,0.0,0.0
xgboost_out_domain_Dar_Mexico_size1.0,out_domain,Dar,Mexico,0.130718954248366,0.05228758169934641,"[0.09632352941176464, 0.1666666666666668]","[0.03423202614379086, 0.0784313725490196]",1293,306,4801.345570802689,4796.195870876312,4.521496057510376,0.23905396461486816,1afc3289297dece45a5669e631aa8b2aa090924ad9427b9f43441beb,0,,xgboost,1.0,0.09632352941176464,0.1666666666666668,0.03423202614379086,0.0784313725490196
xgboost_out_domain_Bohol_UP_size1.0,out_domain,Bohol,UP,0.13928571428571435,0.07829181494661921,"[0.1048932384341636, 0.17001792114695335]","[0.04795373665480428, 0.12117437722419923]",1001,281,4954.080502986908,4952.849681138992,0.7245299816131592,0.09099078178405762,e2397a4f1d96ae980f56192bf952cae0ae731d4d27418f46eeb8707c,0,,xgboost,1.0,0.1048932384341636,0.17001792114695335,0.04795373665480428,0.12117437722419923
xgboost_out_domain_Dar_Pemba_size1.0,out_domain,Dar,Pemba,0.05084745762711851,0.06666666666666667,"[0.0, 0.12754237288135567]","[0.016666666666666666, 0.14208333333333317]",1293,60,4780.82724404335,4779.539576768875,0.8539779186248779,0.062014102935791016,4060c267cfba06794e2a56daa0c01e20394a23567c5cc0b652abe794,0,,xgboost,1.0,0.0,0.12754237288135567,0.016666666666666666,0.14208333333333317
categorical_nb_out_domain_Dar_AP_size1.0,out_domain,Dar,AP,0.2962962962962964,0.08080808080808081,"[0.24402356902356898, 0.3501683501683502]","[0.05210437710437711, 0.10951178451178448]",1293,297,4889.506628990173,4888.927912950516,0.0713958740234375,0.09101986885070801,53c3898c10e08b14d94d40fddeadb669a59052a85cb29a23a61253b8,0,,categorical_nb,1.0,0.24402356902356898,0.3501683501683502,0.05210437710437711,0.10951178451178448
logistic_regression_out_domain_AP_UP_size1.0,out_domain,AP,UP,0.6619217081850535,0.3701067615658363,"[0.5888790035587189, 0.6834519572953738]","[0.31129893238434164, 0.4146797153024911]",1186,281,5014.226715326309,5004.9548399448395,9.114513158798218,0.07668495178222656,669bf406df87d3257a1e341b79a232b10cad591cba98aceedf9219c7,0,,logistic_regression,1.0,0.5888790035587189,0.6834519572953738,0.31129893238434164,0.4146797153024911
random_forest_out_domain_Bohol_Mexico_size1.0,out_domain,Bohol,Mexico,0.013071895424836666,0.0,"[0.0032679738562091916, 0.027859477124183043]","[0.0, 0.0]",1001,306,5015.05140209198,5013.974015951157,0.47991514205932617,0.15182161331176758,76602d473d5ffa5577f7cf01a1b5f99cdf7086fda04806022ecf5464,0,,random_forest,1.0,0.0032679738562091916,0.027859477124183043,0.0,0.0
categorical_nb_out_domain_Bohol_Mexico_size1.0,out_domain,Bohol,Mexico,0.16993464052287588,0.026143790849673203,"[0.11919934640522879, 0.1928104575163399]","[0.00980392156862745, 0.04093137254901958]",1001,306,5036.724897861481,5036.083104133606,0.05806589126586914,0.09279084205627441,fb5659fd3e39300671ebaab839c70b7090775fcbd84b486e963e2580,0,,categorical_nb,1.0,0.11919934640522879,0.1928104575163399,0.00980392156862745,0.04093137254901958
logistic_regression_out_domain_Dar_Bohol_size1.0,out_domain,Dar,Bohol,0.5737051792828686,0.21912350597609562,"[0.4860557768924303, 0.6036852589641434]","[0.1752988047808765, 0.2769920318725099]",1293,251,4896.351445913315,4877.5931787490845,18.404123783111572,0.07637929916381836,7fbe71eb27e7b5dd2b070d50a9f6c73cb91fa0d47fccf4d47b62c73b,0,,logistic_regression,1.0,0.4860557768924303,0.6036852589641434,0.1752988047808765,0.2769920318725099
xgboost_out_domain_Bohol_Dar_size1.0,out_domain,Bohol,Dar,0.6851851851851851,0.33641975308641975,"[0.6002314814814815, 0.7098765432098766]","[0.28541666666666665, 0.3765432098765432]",1001,324,5054.600302934647,5052.836478233337,1.5715620517730713,0.1210780143737793,a8443c82f86dd0ae8876bc26d87571e7f14d14fdc7e55d24424b25ba,0,,xgboost,1.0,0.6002314814814815,0.7098765432098766,0.28541666666666665,0.3765432098765432
random_forest_out_domain_AP_UP_size1.0,out_domain,AP,UP,0.6868327402135231,0.35231316725978645,"[0.6173487544483985, 0.7317615658362988]","[0.298932384341637, 0.4128113879003559]",1186,281,5060.766375303268,5060.34285402298,0.28511786460876465,0.10718107223510742,616af21aec5ec80a5e77ddd53bf6b715c8a42d5ad5b6d517909992b4,0,,random_forest,1.0,0.6173487544483985,0.7317615658362988,0.298932384341637,0.4128113879003559
categorical_nb_out_domain_Bohol_Dar_size1.0,out_domain,Bohol,Dar,0.3931888544891641,0.14506172839506173,"[0.33626543209876536, 0.4351391764435242]","[0.1109567901234568, 0.17592592592592593]",1001,324,5062.02054476738,5061.218005895615,0.0598599910736084,0.09892916679382324,bdb2255f5cd450b08731960240b505e24935976de00606be51c26e4d,0,,categorical_nb,1.0,0.33626543209876536,0.4351391764435242,0.1109567901234568,0.17592592592592593
random_forest_out_domain_Bohol_AP_size1.0,out_domain,Bohol,AP,0.016891891891891886,0.020202020202020204,"[0.0, 0.030405405405405372]","[0.003367003367003367, 0.03367003367003367]",1001,297,5066.310672998428,5065.685243844986,0.3760497570037842,0.1716151237487793,91e3a01e4c3b3ec36e06e72c7e4bc77f103f714f68b97caf515e22f0,0,,random_forest,1.0,0.0,0.030405405405405372,0.003367003367003367,0.03367003367003367
logistic_regression_out_domain_Dar_AP_size1.0,out_domain,Dar,AP,0.030405405405405372,0.03367003367003367,"[0.008361486486486493, 0.05405405405405411]","[0.011700336700336707, 0.05723905723905724]",1293,297,4955.1420521736145,4954.351810693741,0.07932329177856445,0.07502079010009766,967b326cd6abdc0445a43029c2570735cd6067efc220fcdd26b6b1c9,0,,logistic_regression,1.0,0.008361486486486493,0.05405405405405411,0.011700336700336707,0.05723905723905724
xgboost_out_domain_Dar_Bohol_size1.0,out_domain,Dar,Bohol,0.6613545816733069,0.3187250996015936,"[0.5636454183266932, 0.6915338645418326]","[0.2688247011952191, 0.37470119521912343]",1293,251,4946.819217920303,4944.502028226852,1.8553228378295898,0.12992095947265625,9b7f8cfb4474393868f5cf440b22a1700eb449574b60e8c05dd45624,0,,xgboost,1.0,0.5636454183266932,0.6915338645418326,0.2688247011952191,0.37470119521912343
logistic_regression_out_domain_Bohol_AP_size1.0,out_domain,Bohol,AP,0.4175084175084175,0.10437710437710437,"[0.3398989898989899, 0.4394781144781145]","[0.08080808080808081, 0.1414141414141414]",1001,297,5098.762310743332,5091.476651906967,7.178202867507935,0.07617568969726562,8b0eb5151c7b4b01126c7dcb88d199767699f02eeff5bc552889fd7b,0,,logistic_regression,1.0,0.3398989898989899,0.4394781144781145,0.08080808080808081,0.1414141414141414
random_forest_out_domain_Dar_Pemba_size1.0,out_domain,Dar,Pemba,0.13333333333333353,0.05,"[0.033333333333333326, 0.1754166666666666]","[0.007916666666666706, 0.1]",1293,60,4877.573014974594,4876.291052103043,0.32651805877685547,0.13886499404907227,5e22c23aec71d5208e7e308e1abb31cf483164822a4879c70039bb4f,0,,random_forest,1.0,0.033333333333333326,0.1754166666666666,0.007916666666666706,0.1
logistic_regression_out_domain_Dar_Pemba_size1.0,out_domain,Dar,Pemba,0.1166666666666667,0.0,"[0.024583333333333394, 0.13333333333333347]","[0.0, 0.0]",1293,60,4871.043007135391,4856.351026773453,13.919416189193726,0.05651283264160156,4859197881c16688be3b60b1c3ad3f5a7fe13b6fceaa7e40dd5b7835,0,,logistic_regression,1.0,0.024583333333333394,0.13333333333333347,0.0,0.0
logistic_regression_out_domain_Dar_Mexico_size1.0,out_domain,Dar,Mexico,0.33333333333333326,0.042483660130718956,"[0.27450980392156854, 0.36633986928104567]","[0.021160130718954256, 0.07034313725490193]",1293,306,4931.769743204117,4905.621021986008,25.463846921920776,0.06874895095825195,98c14f5099fd3b9764b63cca7205af553f15b2975a1308c871475a03,0,,logistic_regression,1.0,0.27450980392156854,0.36633986928104567,0.021160130718954256,0.07034313725490193
insilico_out_domain_Mexico_Pemba_size1.0,out_domain,Mexico,Pemba,0.30000000000000004,0.16666666666666666,"[0.16583333333333344, 0.3833333333333334]","[0.05791666666666671, 0.25]",1222,60,30.963733911514282,,0.002794981002807617,30.744585037231445,d975cead7460965cd8ba14409244abb6a663a35418c155377df3470c,0,,insilico,1.0,0.16583333333333344,0.3833333333333334,0.05791666666666671,0.25
insilico_out_domain_Pemba_Bohol_size1.0,out_domain,Pemba,Bohol,0.3904382470119523,0.17131474103585656,"[0.332, 0.45019920318725104]","[0.13336653386454184, 0.2151394422310757]",237,251,60.232996225357056,,0.002006053924560547,59.98910212516785,3cde09a8da06f03d70c0c495fa865ee9c1293d48924908a7d80792e1,0,,insilico,1.0,0.332,0.45019920318725104,0.13336653386454184,0.2151394422310757
insilico_out_domain_Pemba_AP_size1.0,out_domain,Pemba,AP,0.33783783783783783,0.14814814814814814,"[0.2972972972972973, 0.39028716216216214]","[0.11271043771043772, 0.17845117845117844]",237,297,71.44431114196777,,0.0023267269134521484,71.23600316047668,5c38d592a3f93c9763d5ef1918aaed505e3c9984a73e195a53459736,0,,insilico,1.0,0.2972972972972973,0.39028716216216214,0.11271043771043772,0.17845117845117844
insilico_out_domain_Pemba_Dar_size1.0,out_domain,Pemba,Dar,0.34984520123839014,0.16358024691358025,"[0.2982439418262431, 0.3964396284829721]","[0.12492283950617285, 0.20532407407407405]",237,324,72.79066610336304,,0.002053976058959961,72.56613302230835,8cb15b8a5075a3660febb783f70bcd913d3f1814bf340f2c7efab9e8,0,,insilico,1.0,0.2982439418262431,0.3964396284829721,0.12492283950617285,0.20532407407407405
insilico_out_domain_Pemba_Mexico_size1.0,out_domain,Pemba,Mexico,0.2557377049180327,0.08823529411764706,"[0.2048360655737705, 0.30054815573770494]","[0.06535947712418301, 0.12263071895424835]",237,306,75.339919090271,,0.002090930938720703,75.12057399749756,9e2e54fba80aecd5c8384b4dfc0dc38254511d9a60c30778998d951a,0,,insilico,1.0,0.2048360655737705,0.30054815573770494,0.06535947712418301,0.12263071895424835
insilico_out_domain_Mexico_Bohol_size1.0,out_domain,Mexico,Bohol,0.42629482071713154,0.20717131474103587,"[0.3684262948207172, 0.476195219123506]","[0.16334661354581673, 0.2530876494023904]",1222,251,90.300528049469,,0.0027399063110351562,90.0598521232605,3c8b501f6deef6ae3cc531fd1eaf0a64440a7e7c8b978235e03b52ab,0,,insilico,1.0,0.3684262948207172,0.476195219123506,0.16334661354581673,0.2530876494023904
insilico_out_domain_Mexico_UP_size1.0,out_domain,Mexico,UP,0.4163701067615656,0.18149466192170818,"[0.35822953736654806, 0.46450177935943066]","[0.15302491103202848, 0.2313167259786477]",1222,281,103.96731185913086,,0.0026509761810302734,103.74476790428162,834ae88ae274d486e26070676e9ead36bcba903265ea99b15c7eb1cf,0,,insilico,1.0,0.35822953736654806,0.46450177935943066,0.15302491103202848,0.2313167259786477
insilico_out_domain_Dar_UP_size1.0,out_domain,Dar,UP,0.5373665480427046,0.1708185053380783,"[0.45516014234875446, 0.5847241992882561]","[0.11912811387900356, 0.2118327402135231]",1293,281,109.0110719203949,,0.0021092891693115234,108.34961271286011,967b326cd6abdc0445a43029c2570735cd6067efc220fcdd26b6b1c9,0,,insilico,1.0,0.45516014234875446,0.5847241992882561,0.11912811387900356,0.2118327402135231
insilico_out_domain_Mexico_Dar_size1.0,out_domain,Mexico,Dar,0.6222910216718267,0.2777777777777778,"[0.5618421052631579, 0.6481481481481481]","[0.23294753086419753, 0.32098765432098764]",1222,324,109.1398389339447,,0.002694845199584961,108.9137179851532,f198cd76003f42fb0712d74b6b991d2e872c3d8ec63094aef6bd9a71,0,,insilico,1.0,0.5618421052631579,0.6481481481481481,0.23294753086419753,0.32098765432098764
insilico_out_domain_Mexico_AP_size1.0,out_domain,Mexico,AP,0.3905723905723907,0.20202020202020202,"[0.3353495540995541, 0.44124579124579116]","[0.15984848484848485, 0.24242424242424243]",1222,297,114.87054896354675,,0.002398967742919922,114.22064685821533,616af21aec5ec80a5e77ddd53bf6b715c8a42d5ad5b6d517909992b4,0,,insilico,1.0,0.3353495540995541,0.44124579124579116,0.15984848484848485,0.24242424242424243
categorical_nb_out_domain_Mexico_Dar_size1.0,out_domain,Mexico,Dar,0.1331269349845201,0.08333333333333333,"[0.0976023017902813, 0.175]","[0.05555555555555555, 0.1111111111111111]",1222,324,1416.7122988700867,1414.7831070423126,0.06497669219970703,0.09897303581237793,982f433517fc34f28ce2bab35bc94af9ae40b381d7f33ed531b74f48,0,,categorical_nb,1.0,0.0976023017902813,0.175,0.05555555555555555,0.1111111111111111
categorical_nb_out_domain_Pemba_Mexico_size1.0,out_domain,Pemba,Mexico,0.18627450980392146,0.06535947712418301,"[0.14052287581699346, 0.21740196078431376]","[0.0392156862745098, 0.09975490196078429]",237,306,1742.6420290470123,1741.7407450675964,0.02220320701599121,0.08884406089782715,04ac2dc10d252747d5217266a4537e2d122f0415ed34393a50c6dbab,0,,categorical_nb,1.0,0.14052287581699346,0.21740196078431376,0.0392156862745098,0.09975490196078429
xgboost_out_domain_Mexico_Bohol_size1.0,out_domain,Mexico,Bohol,0.2549800796812749,0.11952191235059761,"[0.1931274900398407, 0.2788844621513944]","[0.0796812749003984, 0.1593625498007968]",1222,251,3038.7162580490112,3037.6110956668854,0.9294919967651367,0.0921471118927002,7fbe71eb27e7b5dd2b070d50a9f6c73cb91fa0d47fccf4d47b62c73b,0,,xgboost,1.0,0.1931274900398407,0.2788844621513944,0.0796812749003984,0.1593625498007968
logistic_regression_out_domain_Mexico_Pemba_size1.0,out_domain,Mexico,Pemba,0.3666666666666667,0.18333333333333332,"[0.26666666666666655, 0.43333333333333335]","[0.09125000000000004, 0.27541666666666653]",1222,60,6241.866093873978,5181.778295040131,1059.1561732292175,0.059430837631225586,b1a5d0123e3d3c6fc62d4d3c8d8b9e0342b6ece852f6f31d40f4d009,0,,logistic_regression,1.0,0.26666666666666655,0.43333333333333335,0.09125000000000004,0.27541666666666653
random_forest_out_domain_Mexico_UP_size1.0,out_domain,Mexico,UP,0.5551601423487544,0.302491103202847,"[0.49804270462633454, 0.6104092526690391]","[0.24724199288256227, 0.3487544483985765]",1222,281,7197.133515834808,7196.034384727478,0.15008306503295898,0.12151503562927246,7617f7846324d8c34a3d89812b81c3cd74b84425eec71229b968e670,0,,random_forest,1.0,0.49804270462633454,0.6104092526690391,0.24724199288256227,0.3487544483985765
categorical_nb_out_domain_Mexico_Bohol_size1.0,out_domain,Mexico,Bohol,0.2310756972111554,0.09561752988047809,"[0.17908366533864545, 0.2629482071713148]","[0.057669322709163355, 0.12559760956175295]",1222,251,7266.536733865738,7265.925628900528,0.0657050609588623,0.08472609519958496,467254921778148c02f833254a33e218412215a464fa7b946715b954,0,,categorical_nb,1.0,0.17908366533864545,0.2629482071713148,0.057669322709163355,0.12559760956175295
xgboost_out_domain_Mexico_Pemba_size1.0,out_domain,Mexico,Pemba,0.46666666666666656,0.35,"[0.3491666666666667, 0.6]","[0.25, 0.47541666666666654]",1222,60,8236.512669086456,8233.508280038834,1.7678320407867432,0.06866598129272461,a5a73731192e1a0b0a05777fbc2ec48d2912daad88d852c0370ac11d,0,,xgboost,1.0,0.3491666666666667,0.6,0.25,0.47541666666666654
random_forest_out_domain_Mexico_Pemba_size1.0,out_domain,Mexico,Pemba,0.43333333333333335,0.23333333333333334,"[0.30000000000000004, 0.5333333333333333]","[0.14125000000000004, 0.35874999999999985]",1222,60,8441.861142158508,8441.12687420845,0.11442804336547852,0.11227989196777344,9f51c6fa08cab9749096a6a39ecc5f500b8522a1095f0a7052057258,0,,random_forest,1.0,0.30000000000000004,0.5333333333333333,0.14125000000000004,0.35874999999999985
categorical_nb_out_domain_Mexico_UP_size1.0,out_domain,Mexico,UP,0.2811387900355873,0.09608540925266904,"[0.2241992882562277, 0.3060498220640569]","[0.06930604982206406, 0.13167259786476868]",1222,281,8403.849061012268,8403.130514144897,0.06645798683166504,0.09350419044494629,8cb15b8a5075a3660febb783f70bcd913d3f1814bf340f2c7efab9e8,0,,categorical_nb,1.0,0.2241992882562277,0.3060498220640569,0.06930604982206406,0.13167259786476868
logistic_regression_out_domain_Pemba_Mexico_size1.0,out_domain,Pemba,Mexico,0.31699346405228757,0.08496732026143791,"[0.24991830065359477, 0.3663398692810458]","[0.05555555555555555, 0.11437908496732026]",237,306,8253.810662984848,8251.313736915588,2.021190881729126,0.07671594619750977,b199c106c392a296bb938b0c9fa98c6d198572ae8981afe43173efb4,0,,logistic_regression,1.0,0.24991830065359477,0.3663398692810458,0.05555555555555555,0.11437908496732026
categorical_nb_out_domain_Pemba_Dar_size1.0,out_domain,Pemba,Dar,0.17647058823529416,0.046296296296296294,"[0.13931888544891657, 0.21180555555555544]","[0.029243827160493834, 0.06952160493827157]",237,324,9305.441477060318,9304.924827814102,0.021819114685058594,0.09369301795959473,3b645a6bd1ba551cb121af410814a04698d0ed637561fe17dcefb4d6,0,,categorical_nb,1.0,0.13931888544891657,0.21180555555555544,0.029243827160493834,0.06952160493827157
categorical_nb_out_domain_Mexico_Pemba_size1.0,out_domain,Mexico,Pemba,0.30000000000000004,0.21666666666666667,"[0.19999999999999996, 0.4000000000000001]","[0.13333333333333333, 0.3333333333333333]",1222,60,9478.459342002869,9477.822005033493,0.06798005104064941,0.06586194038391113,33450e515655e08ceadb543f20f9b6a494cf906cb9771bed795d8c9b,0,,categorical_nb,1.0,0.19999999999999996,0.4000000000000001,0.13333333333333333,0.3333333333333333
random_forest_out_domain_Mexico_Dar_size1.0,out_domain,Mexico,Dar,0.5603715170278638,0.33641975308641975,"[0.5037447922638841, 0.5911265432098765]","[0.296141975308642, 0.38271604938271603]",1222,324,10555.686204910278,10555.01735496521,0.09985995292663574,0.10224103927612305,67f9c3278a82e10ff3ee26768710c44b327d52c8b56848d576b152a1,0,,random_forest,1.0,0.5037447922638841,0.5911265432098765,0.296141975308642,0.38271604938271603
logistic_regression_out_domain_Pemba_AP_size1.0,out_domain,Pemba,AP,0.3851351351351353,0.1447811447811448,"[0.3342905405405406, 0.43277027027027015]","[0.10774410774410774, 0.18358585858585855]",237,297,10471.98429274559,10469.517194986343,1.9453811645507812,0.07942867279052734,834ae88ae274d486e26070676e9ead36bcba903265ea99b15c7eb1cf,0,,logistic_regression,1.0,0.3342905405405406,0.43277027027027015,0.10774410774410774,0.18358585858585855
xgboost_out_domain_Mexico_AP_size1.0,out_domain,Mexico,AP,0.7736486486486487,0.37037037037037035,"[0.6793930293930294, 0.7775579556829556]","[0.32996632996632996, 0.4311447811447811]",1222,297,10585.10745382309,10583.512876987457,1.397637128829956,0.10893702507019043,9b7f8cfb4474393868f5cf440b22a1700eb449574b60e8c05dd45624,0,,xgboost,1.0,0.6793930293930294,0.7775579556829556,0.32996632996632996,0.4311447811447811
random_forest_out_domain_Pemba_AP_size1.0,out_domain,Pemba,AP,0.42567567567567566,0.19865319865319866,"[0.3648648648648649, 0.4750844594594594]","[0.16321548821548823, 0.2408249158249158]",237,297,10491.057971000671,10490.378762960434,0.08168315887451172,0.11677694320678711,772cb5ba94cce232b9d46cb68edd46e63d045305faaf4b5889b5d653,0,,random_forest,1.0,0.3648648648648649,0.4750844594594594,0.16321548821548823,0.2408249158249158
xgboost_out_domain_Pemba_Bohol_size1.0,out_domain,Pemba,Bohol,0.14741035856573703,0.05976095617529881,"[0.10756972111553786, 0.17529880478087656]","[0.0398406374501992, 0.08974103585657367]",237,251,10465.294908046722,10464.626184940338,0.13798308372497559,0.07587599754333496,fbc1155d80012f5ec979dbc1e1f9921882d79df280f00801dcb52b04,0,,xgboost,1.0,0.10756972111553786,0.17529880478087656,0.0398406374501992,0.08974103585657367
random_forest_out_domain_Dar_UP_size1.0,out_domain,Dar,UP,0.02857142857142847,0.03202846975088968,"[0.010714285714285676, 0.05357142857142861]","[0.0159252669039146, 0.05693950177935943]",1293,281,11563.80659365654,11563.507108926773,0.10756301879882812,0.09912681579589844,4859197881c16688be3b60b1c3ad3f5a7fe13b6fceaa7e40dd5b7835,0,,random_forest,1.0,0.010714285714285676,0.05357142857142861,0.0159252669039146,0.05693950177935943
categorical_nb_out_domain_Mexico_AP_size1.0,out_domain,Mexico,AP,0.31313131313131315,0.0707070707070707,"[0.2525252525252526, 0.3400673400673401]","[0.04713804713804714, 0.10614478114478111]",1222,297,11563.856097221375,11563.61869096756,0.06668901443481445,0.09236288070678711,a8443c82f86dd0ae8876bc26d87571e7f14d14fdc7e55d24424b25ba,0,,categorical_nb,1.0,0.2525252525252526,0.3400673400673401,0.04713804713804714,0.10614478114478111
logistic_regression_out_domain_Mexico_Dar_size1.0,out_domain,Mexico,Dar,0.23839009287925705,0.14506172839506173,"[0.19782135076252716, 0.2923202614379085]","[0.10493827160493827, 0.1837191358024691]",1222,324,11563.383653879166,10594.04316997528,968.7971270084381,0.07640385627746582,dac6c9bd07e89cfd83357e0551c3297926963f16948031a566c279c5,0,,logistic_regression,1.0,0.19782135076252716,0.2923202614379085,0.10493827160493827,0.1837191358024691
random_forest_out_domain_Pemba_Bohol_size1.0,out_domain,Pemba,Bohol,0.016000000000000125,0.0199203187250996,"[1.1102230246251565e-16, 0.03809999999999994]","[0.00398406374501992, 0.04193227091633463]",237,251,11444.337356090546,11443.632302045822,0.08123493194580078,0.10489010810852051,728808ec1ee7b663e094cf82e2fdd38e0a3c4ec0d999616f40286de6,0,,random_forest,1.0,1.1102230246251565e-16,0.03809999999999994,0.00398406374501992,0.04193227091633463
xgboost_out_domain_Dar_UP_size1.0,out_domain,Dar,UP,0.02857142857142847,0.03202846975088968,"[0.010714285714285676, 0.05357142857142861]","[0.0159252669039146, 0.05693950177935943]",1293,281,11588.95288515091,11587.861455917358,0.8991532325744629,0.1019439697265625,98c14f5099fd3b9764b63cca7205af553f15b2975a1308c871475a03,0,,xgboost,1.0,0.010714285714285676,0.05357142857142861,0.0159252669039146,0.05693950177935943
random_forest_out_domain_Mexico_Bohol_size1.0,out_domain,Mexico,Bohol,0.4183266932270917,0.13147410358565736,"[0.33256972111553784, 0.4462151394422311]","[0.09561752988047809, 0.16942231075697206]",1222,251,12127.219273090363,12125.861354112625,0.5348351001739502,0.18646597862243652,a7dca47391d3c645a36e39d263cf8c4a13562edb2f10ba1d0717ecb1,0,,random_forest,1.0,0.33256972111553784,0.4462151394422311,0.09561752988047809,0.16942231075697206
logistic_regression_out_domain_Mexico_AP_size1.0,out_domain,Mexico,AP,0.734006734006734,0.26262626262626265,"[0.6496632996632997, 0.7593434343434343]","[0.21515151515151518, 0.3099326599326599]",1222,297,12130.394016981125,11590.739597082138,539.4927709102631,0.0762779712677002,91e3a01e4c3b3ec36e06e72c7e4bc77f103f714f68b97caf515e22f0,0,,logistic_regression,1.0,0.6496632996632997,0.7593434343434343,0.21515151515151518,0.3099326599326599
logistic_regression_out_domain_Pemba_Bohol_size1.0,out_domain,Pemba,Bohol,0.31474103585657376,0.099601593625498,"[0.250796812749004, 0.37450199203187257]","[0.06772908366533864, 0.14362549800796806]",237,251,11985.329674959183,11983.74340581894,0.9476652145385742,0.07408404350280762,4c3b90e537c2a49fbb1a155f6bdb09371fcc10a88c7724ac12e82c9d,0,,logistic_regression,1.0,0.250796812749004,0.37450199203187257,0.06772908366533864,0.14362549800796806
categorical_nb_out_domain_Pemba_Bohol_size1.0,out_domain,Pemba,Bohol,0.1155378486055777,0.06374501992031872,"[0.06942231075697225, 0.15368525896414342]","[0.035856573705179286, 0.0977091633466135]",237,251,12004.065038919449,12003.302726984024,0.1078040599822998,0.18454194068908691,5b319c3fe6748ee059e1d2e6efa3a5b670bf1b153e770f3422b46c9a,0,,categorical_nb,1.0,0.06942231075697225,0.15368525896414342,0.035856573705179286,0.0977091633466135
xgboost_out_domain_Pemba_Mexico_size1.0,out_domain,Pemba,Mexico,0.3529411764705882,0.10130718954248366,"[0.2843137254901962, 0.38096405228758157]","[0.0718954248366013, 0.13570261437908496]",237,306,11954.805974960327,11952.62604379654,1.3116908073425293,0.21428918838500977,cbbe3fa5484ba5cba9f8b5773cf86905f769c9fce675e170c9561283,0,,xgboost,1.0,0.2843137254901962,0.38096405228758157,0.0718954248366013,0.13570261437908496
logistic_regression_out_domain_Dar_UP_size1.0,out_domain,Dar,UP,0.40569395017793597,0.08185053380782918,"[0.3129893238434164, 0.4395907473309609]","[0.055071174377224204, 0.11387900355871886]",1293,281,12168.876908779144,12146.543591976166,22.231645822525024,0.07598066329956055,5e22c23aec71d5208e7e308e1abb31cf483164822a4879c70039bb4f,0,,logistic_regression,1.0,0.3129893238434164,0.4395907473309609,0.055071174377224204,0.11387900355871886
categorical_nb_out_domain_Dar_UP_size1.0,out_domain,Dar,UP,0.24555160142348753,0.05338078291814947,"[0.18861209964412806, 0.2741992882562277]","[0.03202846975088968, 0.08016014234875442]",1293,281,13092.077595233917,13091.830636024475,0.07331466674804688,0.0915231704711914,8b0eb5151c7b4b01126c7dcb88d199767699f02eeff5bc552889fd7b,0,,categorical_nb,1.0,0.18861209964412806,0.2741992882562277,0.03202846975088968,0.08016014234875442
random_forest_out_domain_Pemba_Dar_size1.0,out_domain,Pemba,Dar,0.04024767801857576,0.021604938271604937,"[0.021671826625386966, 0.06191950464396273]","[0.006172839506172839, 0.040123456790123455]",237,324,12919.567883014679,12918.488477945328,0.2839839458465576,0.1860818862915039,c1c2ae4d1ab20bcbba49bafdb911124e6c3597a5926e000fa2a33868,0,,random_forest,1.0,0.021671826625386966,0.06191950464396273,0.006172839506172839,0.040123456790123455
xgboost_out_domain_Mexico_UP_size1.0,out_domain,Mexico,UP,0.7330960854092526,0.4199288256227758,"[0.6475088967971532, 0.7634341637010675]","[0.37704626334519575, 0.47330960854092524]",1222,281,13064.568676948547,13063.098550081253,0.9069061279296875,0.10359001159667969,a4c9253815bf5bc91c4484a5ba595cf5a086e50140249aee4ff4b4e4,0,,xgboost,1.0,0.6475088967971532,0.7634341637010675,0.37704626334519575,0.47330960854092524
xgboost_out_domain_Mexico_Dar_size1.0,out_domain,Mexico,Dar,0.4814814814814814,0.31790123456790126,"[0.4119598765432099, 0.5209014161220044]","[0.26851851851851855, 0.36273148148148143]",1222,324,13111.51992893219,13106.18947982788,4.639123201370239,0.22511506080627441,4f7032bbf8f6733a3ed4a5591a4323ca283653741ee2e5590562ae62,0,,xgboost,1.0,0.4119598765432099,0.5209014161220044,0.26851851851851855,0.36273148148148143
categorical_nb_out_domain_Pemba_AP_size1.0,out_domain,Pemba,AP,0.2770270270270271,0.1111111111111111,"[0.23092837155337137, 0.31418918918918914]","[0.07744107744107744, 0.1447811447811448]",237,297,12997.347112894058,12997.034207105637,0.022433996200561523,0.09152698516845703,30735e69fe0ca1deb18d2885be1e2fc90d7dd26eca8c1878dc0bbb2a,0,,categorical_nb,1.0,0.23092837155337137,0.31418918918918914,0.07744107744107744,0.1447811447811448
logistic_regression_out_domain_Mexico_UP_size1.0,out_domain,Mexico,UP,0.6797153024911032,0.31316725978647686,"[0.5888790035587188, 0.7064946619217082]","[0.26859430604982204, 0.36298932384341637]",1222,281,13049.39085483551,13034.19208407402,14.559926986694336,0.07349300384521484,18e17c09cc633e1db3287dab4fd1116951e35cde731d2f11382e6d11,0,,logistic_regression,1.0,0.5888790035587188,0.7064946619217082,0.26859430604982204,0.36298932384341637
xgboost_out_domain_Pemba_AP_size1.0,out_domain,Pemba,AP,0.4932432432432433,0.2222222222222222,"[0.43243243243243246, 0.5246536309036308]","[0.18341750841750842, 0.26262626262626265]",237,297,13033.44306588173,13032.489305019379,0.13591790199279785,0.08330702781677246,e81e92d3c28a1be1f3d6b74e70860ab7c29d7bb3906bdd0b8e151148,0,,xgboost,1.0,0.43243243243243246,0.5246536309036308,0.18341750841750842,0.26262626262626265
logistic_regression_out_domain_Pemba_Dar_size1.0,out_domain,Pemba,Dar,0.20433436532507743,0.024691358024691357,"[0.15578703703703703, 0.23529411764705893]","[0.012345679012345678, 0.044830246913580216]",237,324,13886.24330496788,12936.276123285294,949.4427900314331,0.07399296760559082,491b78ce477cebddeefe7357f4d64c87cd592e72e405a61f54ec7ab9,0,,logistic_regression,1.0,0.15578703703703703,0.23529411764705893,0.012345679012345678,0.044830246913580216
random_forest_out_domain_Mexico_AP_size1.0,out_domain,Mexico,AP,0.6801346801346801,0.3400673400673401,"[0.6177609427609427, 0.7090067340067339]","[0.28779461279461277, 0.38560606060606056]",1222,297,14093.040697813034,14092.773061990738,0.08126997947692871,0.09970307350158691,bdb2255f5cd450b08731960240b505e24935976de00606be51c26e4d,0,,random_forest,1.0,0.6177609427609427,0.7090067340067339,0.28779461279461277,0.38560606060606056
random_forest_out_domain_Pemba_Mexico_size1.0,out_domain,Pemba,Mexico,0.33986928104575154,0.13725490196078433,"[0.27279411764705874, 0.38235294117647056]","[0.10939542483660132, 0.18145424836601304]",237,306,13871.475271940231,13870.321378707886,0.050108909606933594,0.09996294975280762,961980a13420701e554c1640edb976082475e5abdcc47ae0e1379dbe,0,,random_forest,1.0,0.27279411764705874,0.38235294117647056,0.10939542483660132,0.18145424836601304
logistic_regression_out_domain_Mexico_Bohol_size1.0,out_domain,Mexico,Bohol,0.42629482071713154,0.20717131474103587,"[0.3564741035856574, 0.47808764940239046]","[0.16125498007968128, 0.26294820717131473]",1222,251,14104.57438492775,14086.922006845474,17.526968955993652,0.06817293167114258,76602d473d5ffa5577f7cf01a1b5f99cdf7086fda04806022ecf5464,0,,logistic_regression,1.0,0.3564741035856574,0.47808764940239046,0.16125498007968128,0.26294820717131473
xgboost_out_domain_Pemba_Dar_size1.0,out_domain,Pemba,Dar,0.22600619195046445,0.05555555555555555,"[0.17794117647058835, 0.26656346749225995]","[0.030864197530864196, 0.08348765432098759]",237,324,13936.774950027466,13935.9484770298,0.21421289443969727,0.07864999771118164,81c7192add3026f48dba6964b45281472c77812b1fa57318cf7a9b11,0,,xgboost,1.0,0.17794117647058835,0.26656346749225995,0.030864197530864196,0.08348765432098759
insilico_out_domain_UP_Pemba_size1.0,out_domain,UP,Pemba,0.5333333333333333,0.4166666666666667,"[0.3991666666666667, 0.6254166666666665]","[0.29125, 0.5333333333333333]",1124,60,189.39595484733582,,0.0026040077209472656,188.9837188720703,c5a6bc0129edf21a6a0bf76c7c4dd673733ba4cd7d27490b1ea16ff8,0,,insilico,1.0,0.3991666666666667,0.6254166666666665,0.29125,0.5333333333333333
insilico_out_domain_Pemba_UP_size1.0,out_domain,Pemba,UP,0.3416370106761567,0.1708185053380783,"[0.28825622775800697, 0.37616770462633453]","[0.12811387900355872, 0.20284697508896798]",237,281,232.42242407798767,,0.0017447471618652344,231.62015414237976,e81e92d3c28a1be1f3d6b74e70860ab7c29d7bb3906bdd0b8e151148,0,,insilico,1.0,0.28825622775800697,0.37616770462633453,0.12811387900355872,0.20284697508896798
insilico_out_domain_UP_Bohol_size1.0,out_domain,UP,Bohol,0.4462151394422311,0.17928286852589642,"[0.3724103585657372, 0.4862549800796812]","[0.13545816733067728, 0.22121513944223103]",1124,251,765.7973310947418,,0.002699613571166992,765.3965480327606,3e04f28e34b51319dec0101350cd05c1e42294432d097f72b3a78ca2,0,,insilico,1.0,0.3724103585657372,0.4862549800796812,0.13545816733067728,0.22121513944223103
insilico_training_size_AP_AP_size0.25,training_size,AP,AP,0.7668918918918919,0.30976430976430974,"[0.6829403266903267, 0.7893060674310675]","[0.25412457912457914, 0.35353535353535354]",296,297,778.0580031871796,,0.002179861068725586,777.3235580921173,854b18a1a757819e80da227e41a2361429f46084fa198a24f8670283,0,,insilico,0.25,0.6829403266903267,0.7893060674310675,0.25412457912457914,0.35353535353535354
insilico_out_domain_UP_Mexico_size1.0,out_domain,UP,Mexico,0.3344262295081969,0.16013071895424835,"[0.2758986928104575, 0.37714460784313725]","[0.11748366013071897, 0.1979575163398692]",1124,306,790.577449798584,,0.0023610591888427734,790.1546239852905,fc11f4dc2a7bf3dcdd3cf034df1664102841ecb1df13f66db415dfbf,0,,insilico,1.0,0.2758986928104575,0.37714460784313725,0.11748366013071897,0.1979575163398692
insilico_training_size_AP_AP_size1.0,training_size,AP,AP,0.7972972972972974,0.4276094276094276,"[0.7245777027027027, 0.81626001001001]","[0.37373737373737376, 0.4765151515151515]",1186,297,792.2256991863251,,0.002682924270629883,791.8250160217285,b8b9dfdb16fa3fd6235d8e267cc172d032fd6d555265be1bfc44d3d9,0,,insilico,1.0,0.7245777027027027,0.81626001001001,0.37373737373737376,0.4765151515151515
insilico_out_domain_UP_AP_size1.0,out_domain,UP,AP,0.6587837837837838,0.31986531986531985,"[0.5743243243243243, 0.7131756756756755]","[0.2776936026936027, 0.3755050505050505]",1124,297,789.0932371616364,,0.0022678375244140625,788.316070318222,c1c2ae4d1ab20bcbba49bafdb911124e6c3597a5926e000fa2a33868,0,,insilico,1.0,0.5743243243243243,0.7131756756756755,0.2776936026936027,0.3755050505050505
insilico_training_size_AP_AP_size0.75,training_size,AP,AP,0.8277027027027027,0.4276094276094276,"[0.744847972972973, 0.8297749453999453]","[0.37373737373737376, 0.47474747474747475]",889,297,792.5639379024506,,0.0023889541625976562,791.8289701938629,c422292cacc0e5f77148d54b7dbd59f9d34bf98aa887081424dcfe43,0,,insilico,0.75,0.744847972972973,0.8297749453999453,0.37373737373737376,0.47474747474747475
insilico_out_domain_UP_Dar_size1.0,out_domain,UP,Dar,0.3549382716049383,0.17592592592592593,"[0.2870370370370371, 0.38125]","[0.1341820987654321, 0.20841049382716045]",1124,324,785.7286059856415,,0.0026721954345703125,785.0030868053436,01ec2d59f2b16807774f4d74ba7676ecebe6ea993d18aee1d5bb9fab,0,,insilico,1.0,0.2870370370370371,0.38125,0.1341820987654321,0.20841049382716045
insilico_training_size_AP_AP_size0.5,training_size,AP,AP,0.8209459459459459,0.4074074074074074,"[0.7347128378378378, 0.8380067567567567]","[0.3585016835016835, 0.4513468013468013]",593,297,788.680725812912,,0.0024480819702148438,787.9459569454193,35a40a20531feb876e83801b3ad2a434f6d42f9ae7ae02b495e5885f,0,,insilico,0.5,0.7347128378378378,0.8380067567567567,0.3585016835016835,0.4513468013468013
categorical_nb_out_domain_UP_Bohol_size1.0,out_domain,UP,Bohol,0.5258964143426296,0.1752988047808765,"[0.4441235059760956, 0.5718127490039842]","[0.13545816733067728, 0.22729083665338637]",1124,251,3777.281336069107,3776.797712802887,0.06283807754516602,0.09784698486328125,37e609cb70a2d8f0eb01a988e26af5cf5724bc64a853efb8a29b125e,0,,categorical_nb,1.0,0.4441235059760956,0.5718127490039842,0.13545816733067728,0.22729083665338637
random_forest_out_domain_UP_AP_size1.0,out_domain,UP,AP,0.6790540540540541,0.3333333333333333,"[0.5993265993265993, 0.7083248020748021]","[0.2775252525252525, 0.38560606060606056]",1124,297,4667.284423112869,4666.657902956009,0.416546106338501,0.15839385986328125,18e17c09cc633e1db3287dab4fd1116951e35cde731d2f11382e6d11,0,,random_forest,1.0,0.5993265993265993,0.7083248020748021,0.2775252525252525,0.38560606060606056
categorical_nb_training_size_AP_AP_size0.25,training_size,AP,AP,0.597972972972973,0.2558922558922559,"[0.5252533783783784, 0.6307463713713714]","[0.20025252525252527, 0.2996632996632997]",296,297,4238.259115219116,4236.863251924515,0.029000043869018555,0.0891110897064209,3e04f28e34b51319dec0101350cd05c1e42294432d097f72b3a78ca2,0,,categorical_nb,0.25,0.5252533783783784,0.6307463713713714,0.20025252525252527,0.2996632996632997
random_forest_out_domain_UP_Pemba_size1.0,out_domain,UP,Pemba,0.41666666666666663,0.2833333333333333,"[0.2745833333333334, 0.5254166666666665]","[0.16666666666666666, 0.4]",1124,60,5120.26526427269,5119.486768007278,0.13524317741394043,0.08618497848510742,54bd5b2fae33d487fb77b0ece4bb6653392a83878aa4e0ed9f5cb75a,0,,random_forest,1.0,0.2745833333333334,0.5254166666666665,0.16666666666666666,0.4
random_forest_out_domain_UP_Dar_size1.0,out_domain,UP,Dar,0.024691358024691468,0.018518518518518517,"[0.007638888888888877, 0.04645061728395055]","[0.006172839506172839, 0.034104938271604886]",1124,324,5515.648278951645,5514.878067970276,0.09986090660095215,0.1040802001953125,50380740bf5cd7de5ead778a75ce7e0e4a6bb58a69c1ea1d5b3925ab,0,,random_forest,1.0,0.007638888888888877,0.04645061728395055,0.006172839506172839,0.034104938271604886
random_forest_out_domain_Pemba_UP_size1.0,out_domain,Pemba,UP,0.4590747330960855,0.24199288256227758,"[0.4002669039145908, 0.49822064056939497]","[0.20453736654804272, 0.2830071174377224]",237,281,5654.572237968445,5654.331967830658,0.09856891632080078,0.11379098892211914,76602d473d5ffa5577f7cf01a1b5f99cdf7086fda04806022ecf5464,0,,random_forest,1.0,0.4002669039145908,0.49822064056939497,0.20453736654804272,0.2830071174377224
logistic_regression_training_size_AP_AP_size0.75,training_size,AP,AP,0.3097643097643098,0.13468013468013468,"[0.24402356902356903, 0.34680134680134683]","[0.09250841750841751, 0.1717171717171717]",889,297,3930.4820997714996,3030.314743041992,0.8544979095458984,0.07027697563171387,4c4c2ead3c1a859a373f9c69bc61c92efc442ffc309db5b7866e413f,0,,logistic_regression,0.75,0.24402356902356903,0.34680134680134683,0.09250841750841751,0.1717171717171717
categorical_nb_training_size_AP_AP_size1.0,training_size,AP,AP,0.7094594594594594,0.3501683501683502,"[0.617150389025389, 0.7281249999999999]","[0.2962962962962963, 0.40420875420875413]",1186,297,3080.9919118881226,3080.2057831287384,0.06817293167114258,0.08968687057495117,65e3b72726ddac392125fb6d77236af92c340a49a0e417cfd968db5b,0,,categorical_nb,1.0,0.617150389025389,0.7281249999999999,0.2962962962962963,0.40420875420875413
random_forest_out_domain_UP_Mexico_size1.0,out_domain,UP,Mexico,0.6437908496732025,0.238562091503268,"[0.5504084967320262, 0.6783496732026143]","[0.1959150326797386, 0.27949346405228753]",1124,306,5805.421686172485,5804.624394893646,0.1081998348236084,0.10449910163879395,35b5f8665e5337cf42f3e70167cc64dd49601bcf3a83a775c3118f27,0,,random_forest,1.0,0.5504084967320262,0.6783496732026143,0.1959150326797386,0.27949346405228753
xgboost_training_size_AP_AP_size0.5,training_size,AP,AP,0.8851351351351352,0.42424242424242425,"[0.7972972972972973, 0.8704545454545455]","[0.36523569023569025, 0.4765151515151515]",593,297,5076.3980321884155,5074.214197874069,1.6577491760253906,0.11509513854980469,7662fae1ccf85375d6680612d5d6b66411349adc9c15e890c5144aa9,0,,xgboost,0.5,0.7972972972972973,0.8704545454545455,0.36523569023569025,0.4765151515151515
categorical_nb_out_domain_UP_AP_size1.0,out_domain,UP,AP,0.7162162162162162,0.29292929292929293,"[0.6299831081081081, 0.7263513513513513]","[0.24579124579124578, 0.3384680134680135]",1124,297,5955.229598999023,5955.034860134125,0.0607609748840332,0.08945393562316895,30735e69fe0ca1deb18d2885be1e2fc90d7dd26eca8c1878dc0bbb2a,0,,categorical_nb,1.0,0.6299831081081081,0.7263513513513513,0.24579124579124578,0.3384680134680135
random_forest_training_size_AP_AP_size0.75,training_size,AP,AP,0.7871621621621622,0.4074074074074074,"[0.7187710437710437, 0.7997474747474748]","[0.35993265993265994, 0.4563131313131313]",889,297,4233.727218866348,4232.730565071106,0.3597869873046875,0.16292595863342285,f8a58ea326df4662fe6d0485275fa0c6c67d5ed0a8c3dc881ad35c04,0,,random_forest,0.75,0.7187710437710437,0.7997474747474748,0.35993265993265994,0.4563131313131313
logistic_regression_out_domain_UP_Bohol_size1.0,out_domain,UP,Bohol,0.34262948207171307,0.10358565737051793,"[0.27679282868525906, 0.3885458167330678]","[0.057669322709163355, 0.14362549800796806]",1124,251,5984.044477939606,5976.009926080704,7.6374430656433105,0.06806826591491699,a269c13688704803a184921c236641c36887aad6b0c61d8c06bd2b94,0,,logistic_regression,1.0,0.27679282868525906,0.3885458167330678,0.057669322709163355,0.14362549800796806
logistic_regression_training_size_AP_AP_size0.5,training_size,AP,AP,0.8445945945945946,0.4276094276094276,"[0.7490740740740741, 0.847053872053872]","[0.3734006734006734, 0.48484848484848486]",593,297,5138.573055028915,5135.386952877045,2.63852596282959,0.07064700126647949,fc11f4dc2a7bf3dcdd3cf034df1664102841ecb1df13f66db415dfbf,0,,logistic_regression,0.5,0.7490740740740741,0.847053872053872,0.3734006734006734,0.48484848484848486
logistic_regression_training_size_AP_AP_size1.0,training_size,AP,AP,0.5709459459459459,0.3063973063973064,"[0.4882154882154882, 0.595959595959596]","[0.26422558922558925, 0.3602693602693603]",1186,297,3351.234752893448,3336.80952000618,13.369323968887329,0.07416868209838867,06f5e5d878ce6127e221380ac834827dc0d8cf48c1d1c3210506981c,0,,logistic_regression,1.0,0.4882154882154882,0.595959595959596,0.26422558922558925,0.3602693602693603
random_forest_out_domain_UP_Bohol_size1.0,out_domain,UP,Bohol,0.11553784860557781,0.043824701195219126,"[0.07968127490039845, 0.15159362549800798]","[0.02390438247011952, 0.06982071713147407]",1124,251,6077.514406919479,6077.222604036331,0.12671303749084473,0.1190791130065918,8b0eb5151c7b4b01126c7dcb88d199767699f02eeff5bc552889fd7b,0,,random_forest,1.0,0.07968127490039845,0.15159362549800798,0.02390438247011952,0.06982071713147407
random_forest_training_size_AP_AP_size0.25,training_size,AP,AP,0.7668918918918919,0.3602693602693603,"[0.685641891891892, 0.7944228319228319]","[0.31986531986531985, 0.41414141414141414]",296,297,5364.172013044357,5362.358126163483,0.12679195404052734,0.12732410430908203,36850f039a3a5812848635cf50a87ffe07eed33f6796b469eecfa7fd,0,,random_forest,0.25,0.685641891891892,0.7944228319228319,0.31986531986531985,0.41414141414141414
random_forest_training_size_AP_AP_size0.5,training_size,AP,AP,0.7533783783783784,0.3838383838383838,"[0.6579966329966329, 0.7542087542087542]","[0.3367003367003367, 0.43434343434343436]",593,297,5339.008329868317,5337.905337095261,0.08485722541809082,0.09902071952819824,01ec2d59f2b16807774f4d74ba7676ecebe6ea993d18aee1d5bb9fab,0,,random_forest,0.5,0.6579966329966329,0.7542087542087542,0.3367003367003367,0.43434343434343436
logistic_regression_out_domain_UP_Mexico_size1.0,out_domain,UP,Mexico,0.565359477124183,0.14705882352941177,"[0.495016339869281, 0.6030228758169934]","[0.11593137254901961, 0.18799019607843134]",1124,306,6121.9722628593445,6088.484406709671,32.175514221191406,0.07245588302612305,96aba8cfa312092cb2b6f4390112ab712344379c732a6f82028bd1d1,0,,logistic_regression,1.0,0.495016339869281,0.6030228758169934,0.11593137254901961,0.18799019607843134
logistic_regression_out_domain_Pemba_UP_size1.0,out_domain,Pemba,UP,0.0964285714285712,0.06405693950177936,"[0.058839285714285684, 0.12499999999999994]","[0.033718861209964424, 0.09439501779359427]",237,281,6148.798247098923,6148.484540224075,0.1846790313720703,0.06784319877624512,961980a13420701e554c1640edb976082475e5abdcc47ae0e1379dbe,0,,logistic_regression,1.0,0.058839285714285684,0.12499999999999994,0.033718861209964424,0.09439501779359427
categorical_nb_out_domain_UP_Pemba_size1.0,out_domain,UP,Pemba,0.3666666666666667,0.21666666666666667,"[0.18333333333333335, 0.49208333333333315]","[0.11666666666666667, 0.3333333333333333]",1124,60,5931.9589149951935,5930.9298548698425,0.06089591979980469,0.06151223182678223,9fde89b0229b17d7b2418288e0bd6ccca1fcb4642579643d11d14b38,0,,categorical_nb,1.0,0.18333333333333335,0.49208333333333315,0.11666666666666667,0.3333333333333333
xgboost_out_domain_UP_Bohol_size1.0,out_domain,UP,Bohol,0.11952191235059773,0.0398406374501992,"[0.07968127490039839, 0.14362549800796814]","[0.0199203187250996, 0.06792828685258957]",1124,251,6165.062269210815,6161.17985200882,3.662943124771118,0.1720898151397705,a4c9253815bf5bc91c4484a5ba595cf5a086e50140249aee4ff4b4e4,0,,xgboost,1.0,0.07968127490039839,0.14362549800796814,0.0199203187250996,0.06792828685258957
logistic_regression_training_size_AP_AP_size0.25,training_size,AP,AP,0.5641891891891893,0.2053872053872054,"[0.49831649831649827, 0.6114864864864864]","[0.16144781144781145, 0.2542929292929293]",296,297,5415.34356713295,5412.842848777771,1.8667888641357422,0.07329010963439941,5bf3f4fed5e3640366c70fc17be65a1b74846e3980fb9f17368bd948,0,,logistic_regression,0.25,0.49831649831649827,0.6114864864864864,0.16144781144781145,0.2542929292929293
categorical_nb_training_size_AP_AP_size0.5,training_size,AP,AP,0.45791245791245794,0.21885521885521886,"[0.3888047138047138, 0.4983164983164984]","[0.1749158249158249, 0.265993265993266]",593,297,4445.58029794693,4444.827037096024,0.041674137115478516,0.08892178535461426,77b92e4f623333e97e9173560d40cd97e807a4063223b5692b5fb57c,0,,categorical_nb,0.5,0.3888047138047138,0.4983164983164984,0.1749158249158249,0.265993265993266
xgboost_training_size_AP_AP_size1.0,training_size,AP,AP,0.8648648648648649,0.5016835016835017,"[0.7823983073983074, 0.8648648648648648]","[0.4492424242424242, 0.5438552188552188]",1186,297,3505.3341460227966,3502.8888008594513,1.615635871887207,0.129838228225708,e322f02b5ff9fe2dbec71d69666f25b6f3a0f4f4b4365801bf39c1c8,0,,xgboost,1.0,0.7823983073983074,0.8648648648648648,0.4492424242424242,0.5438552188552188
logistic_regression_out_domain_UP_Dar_size1.0,out_domain,UP,Dar,0.13622291021671817,0.018518518518518517,"[0.09567901234567903, 0.16235021786492373]","[0.006172839506172839, 0.03248456790123454]",1124,324,6212.145454883575,6196.723448038101,14.741735219955444,0.07244491577148438,56238115e88342872ff5c500fddf877795f4bc062da5361fefa4ccf0,0,,logistic_regression,1.0,0.09567901234567903,0.16235021786492373,0.006172839506172839,0.03248456790123454
xgboost_training_size_AP_AP_size0.75,training_size,AP,AP,0.8581081081081081,0.46464646464646464,"[0.7756534944034944, 0.8617313336063336]","[0.4171717171717172, 0.5135521885521885]",889,297,4457.894654035568,4456.652117967606,0.5999770164489746,0.1018209457397461,5eb30facef76a7cb294f5de120819cdb4ece80084cdd0d1bf1ec43d0,0,,xgboost,0.75,0.7756534944034944,0.8617313336063336,0.4171717171717172,0.5135521885521885
xgboost_out_domain_UP_Dar_size1.0,out_domain,UP,Dar,0.2283950617283952,0.13271604938271606,"[0.18047839506172839, 0.2594135802469136]","[0.0955246913580247, 0.16520061728395058]",1124,324,6236.956636190414,6232.48196387291,3.9488518238067627,0.19712424278259277,719429ba7a85d1993753ca2cc91167bdb1156523466d9899df0382e9,0,,xgboost,1.0,0.18047839506172839,0.2594135802469136,0.0955246913580247,0.16520061728395058
random_forest_training_size_AP_AP_size1.0,training_size,AP,AP,0.8378378378378378,0.4444444444444444,"[0.7419294294294294, 0.8381244881244881]","[0.3955387205387205, 0.4866161616161616]",1186,297,3564.7876629829407,3563.857215166092,0.18494486808776855,0.1538560390472412,ed3140f53bfedd4e87d0fbfdc770ca0cab89b875745f8c7155881c08,0,,random_forest,1.0,0.7419294294294294,0.8381244881244881,0.3955387205387205,0.4866161616161616
xgboost_out_domain_UP_AP_size1.0,out_domain,UP,AP,0.6587837837837838,0.3367003367003367,"[0.5955519926706369, 0.6959459459459459]","[0.286026936026936, 0.3957070707070707]",1124,297,6278.863219261169,6278.036513090134,0.6689600944519043,0.09007620811462402,491b78ce477cebddeefe7357f4d64c87cd592e72e405a61f54ec7ab9,0,,xgboost,1.0,0.5955519926706369,0.6959459459459459,0.286026936026936,0.3957070707070707
xgboost_out_domain_Pemba_UP_size1.0,out_domain,Pemba,UP,0.4092526690391459,0.20640569395017794,"[0.34578132943568884, 0.445017793594306]","[0.1653914590747331, 0.24928825622775794]",237,281,6287.578458786011,6286.914759874344,0.5488641262054443,0.08871293067932129,81c7192add3026f48dba6964b45281472c77812b1fa57318cf7a9b11,0,,xgboost,1.0,0.34578132943568884,0.445017793594306,0.1653914590747331,0.24928825622775794
categorical_nb_training_size_AP_AP_size0.75,training_size,AP,AP,0.5472972972972974,0.26262626262626265,"[0.48225412912912907, 0.583752218127218]","[0.19865319865319866, 0.3164983164983165]",889,297,3596.9389848709106,3595.923672914505,0.05385112762451172,0.08836793899536133,c86fd6021246a0412597cc644df25e3c6c1223130cf0d0af24df8622,0,,categorical_nb,0.75,0.48225412912912907,0.583752218127218,0.19865319865319866,0.3164983164983165
categorical_nb_out_domain_UP_Mexico_size1.0,out_domain,UP,Mexico,0.65359477124183,0.21895424836601307,"[0.5619281045751634, 0.6814542483660131]","[0.16977124183006537, 0.26143790849673204]",1124,306,6117.170792102814,6116.517999172211,0.0620570182800293,0.09558677673339844,67c7ac31be1fcda2a5533c26aabb6a4ca53922418b9edaee8cad4ef9,0,,categorical_nb,1.0,0.5619281045751634,0.6814542483660131,0.16977124183006537,0.26143790849673204
categorical_nb_out_domain_Pemba_UP_size1.0,out_domain,Pemba,UP,0.14590747330960852,0.0498220640569395,"[0.09946619217081837, 0.1833629893238433]","[0.02491103202846975, 0.08185053380782918]",237,281,6319.361855983734,6319.197432279587,0.021789073944091797,0.0867619514465332,bdb2255f5cd450b08731960240b505e24935976de00606be51c26e4d,0,,categorical_nb,1.0,0.09946619217081837,0.1833629893238433,0.02491103202846975,0.08185053380782918
xgboost_out_domain_UP_Mexico_size1.0,out_domain,UP,Mexico,0.6601307189542482,0.24183006535947713,"[0.5784313725490196, 0.6814542483660131]","[0.19934640522875818, 0.28447712418300647]",1124,306,6308.273676156998,6304.6610288619995,2.8685710430145264,0.15588712692260742,59e57546a4d21581ac7a2a441f76aa6053364ddbfe35143a910b736e,0,,xgboost,1.0,0.5784313725490196,0.6814542483660131,0.19934640522875818,0.28447712418300647
xgboost_training_size_AP_AP_size0.25,training_size,AP,AP,0.8074324324324325,0.38047138047138046,"[0.7086700336700338, 0.8277027027027027]","[0.3349326599326599, 0.4311447811447811]",296,297,6090.960872888565,6089.766501903534,1.0642118453979492,0.11467695236206055,e81e92d3c28a1be1f3d6b74e70860ab7c29d7bb3906bdd0b8e151148,0,,xgboost,0.25,0.7086700336700338,0.8277027027027027,0.3349326599326599,0.4311447811447811
logistic_regression_out_domain_UP_AP_size1.0,out_domain,UP,AP,0.06756756756756754,0.04040404040404041,"[0.03870205432705441, 0.09298986486486492]","[0.020202020202020204, 0.062373737373737345]",1124,297,6326.333682060242,6322.282474994659,3.9267797470092773,0.07325005531311035,4f7032bbf8f6733a3ed4a5591a4323ca283653741ee2e5590562ae62,0,,logistic_regression,1.0,0.03870205432705441,0.09298986486486492,0.020202020202020204,0.062373737373737345
categorical_nb_out_domain_UP_Dar_size1.0,out_domain,UP,Dar,0.43518518518518523,0.1388888888888889,"[0.3749228395061729, 0.4831018518518518]","[0.10169753086419754, 0.1697530864197531]",1124,324,6334.785727024078,6333.906410217285,0.06580591201782227,0.1367502212524414,3a56c9384eea62fd6c15268cf0772bd23c835147817ea11ff3f10e84,0,,categorical_nb,1.0,0.3749228395061729,0.4831018518518518,0.10169753086419754,0.1697530864197531
xgboost_out_domain_UP_Pemba_size1.0,out_domain,UP,Pemba,0.46666666666666656,0.38333333333333336,"[0.3237500000000001, 0.5833333333333333]","[0.25708333333333344, 0.5254166666666665]",1124,60,6158.7906148433685,6155.273463010788,2.5509397983551025,0.07155585289001465,83d52895d346ccf991e265cf828673b3a06d6ac3d72acffecf9b5cd8,0,,xgboost,1.0,0.3237500000000001,0.5833333333333333,0.25708333333333344,0.5254166666666665
logistic_regression_out_domain_UP_Pemba_size1.0,out_domain,UP,Pemba,0.3666666666666667,0.23333333333333334,"[0.24125000000000002, 0.4666666666666666]","[0.12458333333333338, 0.3420833333333332]",1124,60,6158.934821128845,6128.664292812347,29.67165493965149,0.059266090393066406,e803d53e74b892f6e4e1f2418ef6cc44a57e86561cec0a9f5497c7de,0,,logistic_regression,1.0,0.24125000000000002,0.4666666666666666,0.12458333333333338,0.3420833333333332
